/*
Navicat MySQL Data Transfer

Source Server         : case
Source Server Version : 50716
Source Host           : localhost:3306
Source Database       : north2

Target Server Type    : MYSQL
Target Server Version : 50716
File Encoding         : 65001

Date: 2017-02-13 16:34:13
*/

SET FOREIGN_KEY_CHECKS=0;
-- ----------------------------
-- Table structure for `customer`
-- ----------------------------
DROP TABLE IF EXISTS `customer`;
CREATE TABLE `customer` (
  `cusNo` char(4) CHARACTER SET utf8 NOT NULL,
  `cusName` varchar(30) CHARACTER SET utf8 DEFAULT NULL,
  `contactor` varchar(10) CHARACTER SET utf8 DEFAULT NULL,
  `title` varchar(10) CHARACTER SET utf8 DEFAULT NULL,
  `address` varchar(50) CHARACTER SET utf8 DEFAULT NULL,
  `city` varchar(10) CHARACTER SET utf8 DEFAULT NULL,
  `area` varchar(10) CHARACTER SET utf8 DEFAULT NULL,
  `zip` char(5) CHARACTER SET utf8 DEFAULT NULL,
  `tel` varchar(50) COLLATE utf8_unicode_ci DEFAULT NULL,
  `fax` varchar(20) CHARACTER SET utf8 DEFAULT NULL,
  PRIMARY KEY (`cusNo`),
  UNIQUE KEY `cusNoIndex` (`cusNo`)
) ENGINE=InnoDB DEFAULT CHARSET=utf8 COLLATE=utf8_unicode_ci;

-- ----------------------------
-- Records of customer
-- ----------------------------
INSERT INTO `customer` VALUES ('C001', '三川實業有限公司', '陳小姐', '業務', '台北市忠孝東路四段32號', '台北市', '忠孝區', '12209', '(02) 968-9652', '(02) 968-9651');
INSERT INTO `customer` VALUES ('C002', '東南實業', '黃小姐', '董事長', '台中市仁愛路二段120號', '台中市', '仁愛區', '05021', '(03) 862-9682', '(03) 862-9683');
INSERT INTO `customer` VALUES ('C003', '坦森行貿易', '胡先生', '董事長', '高雄市中正路一段12號', '高雄市', '中正區', '05023', '(04) 256-6932', '(04) 256-6922');
INSERT INTO `customer` VALUES ('C004', '國頂有限公司', '王先生', '業務', '台北縣中新路11號', '台北縣', '中新區', '10006', '(05) 555-7788', '(05) 555-7789');
INSERT INTO `customer` VALUES ('C005', '喻台生機械', '李先生', '訂貨員', '花蓮市花蓮路98號', '花蓮市', '花蓮區', '15985', '(06) 245-9636', '(06) 245-9635');
INSERT INTO `customer` VALUES ('C006', '琴花卉', '劉先生', '業務', '宜蘭市經國路55號', '宜蘭市', '經國區', '68306', '(07) 556-6665', '(07) 556-6665');
INSERT INTO `customer` VALUES ('C007', '皓國廣兌', '方先生', '行銷專員', '新竹市永平路一段1號', '新竹市', '永平區', '67000', '(08) 889-6698', '(08) 889-6699');
INSERT INTO `customer` VALUES ('C008', '邁多貿易', '劉先生', '董事長', '台北市北平東路24號', '台北市', '北平區', '28023', '(02) 221-2555', '(02) 221-2556');
INSERT INTO `customer` VALUES ('C009', '琴攝影', '謝小姐', '董事長', '台北市北平東路24號3樓之一', '台北市', '北平區', '13008', '(03) 247-9682', '(03) 247-9684');
INSERT INTO `customer` VALUES ('C010', '中央開發', '王先生', '會計人員', '新竹市竹北路8號', '新竹市', '竹北區', '10058', '(04) 358-6932', '(04) 358-6935');
INSERT INTO `customer` VALUES ('C011', '宇奏雜誌', '徐先生', '業務', '台中市中港路一段78號', '台中市', '中港區', '14754', '(05) 999-7788', '(05) 999-7783');
INSERT INTO `customer` VALUES ('C012', '威航貨運承攬有限公司', '李先生', '業務助理', '南投縣石牌鄉南投路5號', '南投縣', '南投區', '10105', '(06) 852-9636', '(06) 852-9638');
INSERT INTO `customer` VALUES ('C013', '三捷實業', '林小姐', '研發人員', '屏東縣當文鄉永大路4號', '屏東縣', '永大區', '05022', '(07) 223-6665', '(07) 223-6664');
INSERT INTO `customer` VALUES ('C014', '嗨天旅行社', '林小姐', '董事長', '屏東市中山路7號', '屏東市', '中山區', '30126', '(08) 784-6698', '(08) 784-6697');
INSERT INTO `customer` VALUES ('C015', '美國運海', '鍾小姐', '船務', '桃園縣富國路42號', '桃園縣', '富國區', '07554', '(02) 555-7647', '(02) 555-7646');
INSERT INTO `customer` VALUES ('C016', '萬海', '劉先生', '業務', '苗栗縣樹腳鄉中正路二段二樓', '苗栗縣', '中正區', '12209', '(02) 968-9612', '(02) 968-9613');
INSERT INTO `customer` VALUES ('C017', '世邦', '方先生', '董事長', '台北市忠孝東路三段2號', '台北市', '忠孝區', '05021', '(03) 862-7782', '(03) 862-7784');
INSERT INTO `customer` VALUES ('C018', '敦郼斯船舶', '劉先生', '董事長', '台中市仁愛路四段180號', '台中市', '仁愛區', '05023', '(04) 255-6932', '(04) 255-6932');
INSERT INTO `customer` VALUES ('C019', '中國通', '謝小姐', '業務', '高雄市中正路四段65號', '高雄市', '中正區', '10006', '(05) 544-7788', '(05) 544-7788');
INSERT INTO `customer` VALUES ('C020', '正人資源', '王先生', '訂貨員', '台北縣北新路11號', '台北縣', '北新區', '15985', '(06) 245-9556', '(06) 245-9556');
INSERT INTO `customer` VALUES ('C021', '紅陽事業', '徐先生', '業務', '花蓮市花中路15號', '花蓮市', '花中區', '68306', '(07) 246-6665', '(07) 246-6665');
INSERT INTO `customer` VALUES ('C022', '嘉元實業', '周先生', '行銷專員', '宜蘭市經國路38號', '宜蘭市', '經國區', '67000', '(08) 889-6638', '(08) 889-6638');
INSERT INTO `customer` VALUES ('C023', '路福村', '方先生', '董事長', '新竹市永平路7號', '新竹市', '永平區', '28023', '(02) 255-2555', '(02) 255-2555');
INSERT INTO `customer` VALUES ('C024', '雅洲信託', '陳先生', '董事長', '台北市北平東路64號', '台北市', '北平區', '13008', '(03) 277-9682', '(03) 277-9682');
INSERT INTO `customer` VALUES ('C025', '棕國信託', '余小姐', '會計人員', '台北市北平東路42號3樓之一', '台北市', '北平區', '10058', '(04) 391-6932', '(04) 391-6932');
INSERT INTO `customer` VALUES ('C026', '信華銀行', '蘇先生', '業務', '新竹市竹北路8號', '新竹市', '竹北區', '14754', '(05) 937-7588', '(05) 937-7588');
INSERT INTO `customer` VALUES ('C027', '茶打銀行', '成先生', '業務助理', '台中市中港路一段78號', '台中市', '中港區', '10105', '(06) 882-9636', '(06) 882-9636');
INSERT INTO `customer` VALUES ('C028', '第二銀行', '林小姐', '研發人員', '南投縣石牌鄉南投路5號', '南投縣', '南投區', '05022', '(07) 852-6665', '(07) 852-6664');
INSERT INTO `customer` VALUES ('C029', '山山銀行', '林小姐', '董事長', '屏東縣水果鄉永大路4號', '屏東縣', '永大區', '30126', '(08) 664-6698', '(08) 664-6698');
INSERT INTO `customer` VALUES ('C030', '灣台銀行', '鍾小姐', '船務', '屏東市中山路7號', '屏東市', '中山區', '07554', '(02) 895-7647', '(02) 895-7647');
INSERT INTO `customer` VALUES ('C031', '泰安銀行', '劉先生', '業務', '桃園縣富國路42號', '桃園縣', '富國區', '04876', '(08) 664-6698', '(08) 664-6698');
INSERT INTO `customer` VALUES ('C032', '小中企銀', '方先生', '董事長', '台北市忠孝東路四段32號', '台北市', '忠孝區', '97403', '(02) 968-9652', '(02) 968-9653');
INSERT INTO `customer` VALUES ('C033', '南華銀行', '劉先生', '董事長', '台中市仁愛路二段120號', '台中市', '仁愛區', '10814', '(03) 862-9682', '(03) 862-9682');
INSERT INTO `customer` VALUES ('C034', '合作金庫', '謝小姐', '業務', '高雄市中正路一段12號', '高雄市', '中正區', '05454', '(04) 256-6932', '(04) 256-6931');
INSERT INTO `customer` VALUES ('C035', '東遠銀行', '王先生', '訂貨員', '台北縣中新路11號', '台北縣', '中新區', '50222', '(05) 555-7788', '(05) 555-7788');
INSERT INTO `customer` VALUES ('C036', '五金機械', '徐先生', '業務', '花蓮市花蓮路98號', '花蓮市', '花蓮區', '97827', '(06) 245-9636', '(06) 245-9636');
INSERT INTO `customer` VALUES ('C037', '師大貿易', '周先生', '行銷專員', '宜蘭市經國路55號', '宜蘭市', '經國區', '30126', '(07) 556-6665', '(07) 556-6665');
INSERT INTO `customer` VALUES ('C038', '鑫增貿易', '方先生', '董事長', '新竹市永平路一段1號', '新竹市', '永平區', '07554', '(08) 889-6698', '(08) 889-6699');
INSERT INTO `customer` VALUES ('C039', '業永房屋', '陳先生', '董事長', '台北市北平東路24號', '台北市', '北平區', '14776', '(02) 221-2555', '(02) 221-2555');
INSERT INTO `customer` VALUES ('C040', '霸力建設', '余小姐', '會計人員', '台北市北平東路24號3樓之一', '台北市', '北平區', '78000', '(03) 247-9682', '(03) 247-9686');
INSERT INTO `customer` VALUES ('C041', '池春建設', '蘇先生', '業務', '新竹市竹北路8號', '新竹市', '竹北區', '31000', '(04) 358-6932', '(04) 358-6932');
INSERT INTO `customer` VALUES ('C042', '和福建設', '成先生', '業務助理', '台中市中港路一段78號', '台中市', '中港區', '30126', '(05) 999-7788', '(05) 999-7788');
INSERT INTO `customer` VALUES ('C043', '春永建設', '何先生', '研發人員', '南投縣南投路5號', '南投縣', '南投區', '07554', '(06) 852-9636', '(06) 852-9636');
INSERT INTO `customer` VALUES ('C044', '幸義房屋', '黎先生', '董事長', '屏東縣永大路4號', '屏東縣', '永大區', '60528', '(07) 223-6665', '(07) 223-6667');
INSERT INTO `customer` VALUES ('C045', '興中保險', '唐小姐', '船務', '屏東市中山路7號', '屏東市', '中山區', '94117', '(08) 784-6698', '(08) 784-6698');
INSERT INTO `customer` VALUES ('C046', '山南人壽', '陳玉美', '業務', '桃園縣富國路77號', '桃園縣', '富國區', '35081', '(02) 555-7647', '(02) 555-7647');
INSERT INTO `customer` VALUES ('C047', '保信人壽', '黃雅玲', '董事長', '台北市忠孝東路四段32號', '台北市', '忠孝區', '49801', '(02) 968-9652', '(02) 968-9652');
INSERT INTO `customer` VALUES ('C048', '大華城台北', '胡繼堯', '董事長', '台中市仁愛路二段120號', '台中市', '仁愛區', '97219', '(03) 862-9682', '(03) 862-9682');
INSERT INTO `customer` VALUES ('C049', '陽林', '王炫皓', '業務', '高雄市中正路一段12號', '高雄市', '中正區', '24100', '(04) 256-6932', '(04) 256-6932');
INSERT INTO `customer` VALUES ('C050', '悅海', '李柏麟', '訂貨員', '台北縣中新路11號', '台北縣', '中新區', '30126', '(05) 555-7788', '(05) 555-7788');
INSERT INTO `customer` VALUES ('C051', '資鬙', '劉維國', '業務', '花蓮市花蓮路98號', '花蓮市', '花蓮區', '07554', '(06) 245-9636', '(06) 245-9636');
INSERT INTO `customer` VALUES ('C052', '仲堂企業', '方建文', '行銷專員', '宜蘭市經國路55號', '宜蘭市', '經國區', '04179', '(07) 556-6665', '(07) 556-6665');
INSERT INTO `customer` VALUES ('C053', '富同企業', '劉小龍', '董事長', '新竹市永平路一段1號', '新竹市', '永平區', '30126', '(08) 889-6698', '(08) 889-6698');
INSERT INTO `customer` VALUES ('C054', '台利材料', '謝麗秋', '董事長', '台北市北平東路24號', '台北市', '北平區', '07554', '(02) 221-2555', '(02) 221-2555');
INSERT INTO `customer` VALUES ('C055', '瑞棧藝品', '王俊元', '會計人員', '台北市北平東路24號3樓之一', '台北市', '北平區', '99508', '(03) 247-9682', '(03) 247-9682');
INSERT INTO `customer` VALUES ('C056', '一詮精密工業', '徐文彬', '業務', '新竹市竹北路8號', '新竹市', '竹北區', '50739', '(04) 358-6932', '(04) 358-6932');
INSERT INTO `customer` VALUES ('C057', '立日股份有限公司', '李良駿', '業務助理', '台中市中港路一段78號', '台中市', '中港區', '75012', '(05) 999-7788', '(05) 999-7788');
INSERT INTO `customer` VALUES ('C058', '就業廣兌', '林慧音', '研發人員', '南投縣南投路5號', '南投縣', '南投區', '05033', '(06) 852-9636', '(06) 852-9636');
INSERT INTO `customer` VALUES ('C059', '頂上系統', '林麗莉', '董事長', '屏東縣永大路4號', '屏東縣', '永大區', '50200', '(07) 223-6665', '(07) 223-6665');
INSERT INTO `customer` VALUES ('C060', '康毅系統', '鍾彩瑜', '船務', '屏東市中山路7號', '屏東市', '中山區', '17560', '(08) 784-6698', '(08) 784-6698');
INSERT INTO `customer` VALUES ('C061', '蘭格英語', '劉先生', '業務助理', '桃園縣富國路42號', '桃園縣', '富國區', '02389', '(02) 555-7647', '(02) 555-7647');
INSERT INTO `customer` VALUES ('C062', '加美留學中心', '方先生', '研發人員', '台北市忠孝東路四段32號', '台北市', '忠孝區', '05487', '(02) 968-9652', '(02) 968-9652');
INSERT INTO `customer` VALUES ('C063', '高上補習班', '劉先生', '董事長', '台中市仁愛路二段120號', '台中市', '仁愛區', '01307', '(03) 862-9682', '(03) 862-9682');
INSERT INTO `customer` VALUES ('C064', '大東海補班', '謝小姐', '船務', '高雄市中正路一段12號', '高雄市', '中正區', '10101', '(04) 256-6932', '(04) 256-6932');
INSERT INTO `customer` VALUES ('C065', '學仁貿易', '王先生', '業務', '台北縣中新路11號', '台北縣', '中新區', '87110', '(05) 555-7788', '(05) 555-7788');
INSERT INTO `customer` VALUES ('C066', '建國科技', '徐先生', '董事長', '花蓮市花蓮路98號', '花蓮市', '花蓮區', '42100', '(06) 245-9636', '(06) 245-9636');
INSERT INTO `customer` VALUES ('C067', '宇欣實業', '周先生', '董事長', '宜蘭市經國路55號', '宜蘭市', '經國區', '02389', '(07) 556-6665', '(07) 556-6665');
INSERT INTO `customer` VALUES ('C068', '永大大企業', '方先生', '業務', '新竹市永平路一段1號', '新竹市', '永平區', '12031', '(08) 889-6698', '(08) 889-6699');
INSERT INTO `customer` VALUES ('C069', '德化食品', '陳先生', '訂貨員', '台北市北平東路24號', '台北市', '北平區', '28001', '(02) 221-2555', '(02) 221-2555');
INSERT INTO `customer` VALUES ('C070', '漢光企管', '余小姐', '業務', '台北市北平東路24號3樓之一', '台北市', '北平區', '41101', '(03) 247-9682', '(03) 247-9683');
INSERT INTO `customer` VALUES ('C071', '大鈺貿易', '蘇先生', '行銷專員', '新竹市竹北路8號', '新竹市', '竹北區', '83720', '(04) 358-6932', '(04) 358-6932');
INSERT INTO `customer` VALUES ('C072', '艾德高科技', '成先生', '董事長', '台中市中港路一段78號', '台中市', '中港區', '30126', '(05) 999-7788', '(05) 999-7789');
INSERT INTO `customer` VALUES ('C073', '百達電子', '何先生', '董事長', '南投縣南投路5號', '南投縣', '南投區', '07554', '(06) 852-9636', '(06) 852-9636');
INSERT INTO `customer` VALUES ('C074', '賜芳股份', '黎先生', '會計人員', '屏東縣永大路4號', '屏東縣', '永大區', '75016', '(07) 223-6665', '(07) 223-6664');
INSERT INTO `customer` VALUES ('C075', '昇昕股份有限公司', '唐小姐', '業務', '屏東市中山路7號', '屏東市', '中山區', '82520', '(08) 784-6698', '(08) 784-6699');
INSERT INTO `customer` VALUES ('C076', '福星製衣廠股份有限公司', '劉先生', '業務助理', '桃園縣富國路42號', '桃園縣', '富國區', '60000', '(02) 555-7647', '(02) 555-7647');
INSERT INTO `customer` VALUES ('C077', '上河工業', '方先生', '研發人員', '台北市忠孝東路四段32號', '台北市', '忠孝區', '97201', '(02) 968-9652', '(02) 968-9652');
INSERT INTO `customer` VALUES ('C078', '新巨企業', '劉先生', '董事長', '台中市仁愛路二段120號', '台中市', '仁愛區', '59801', '(03) 862-9682', '(03) 862-9682');
INSERT INTO `customer` VALUES ('C079', '東帝望', '謝小姐', '船務', '高雄市中正路一段12號', '高雄市', '中正區', '44087', '(04) 256-6932', '(04) 256-6932');
INSERT INTO `customer` VALUES ('C080', '協昌妮絨有限公司', '王先生', '業務', '台北縣中新路11號', '台北縣', '中新區', '05033', '(05) 555-7788', '(05) 555-7788');
INSERT INTO `customer` VALUES ('C081', '亞太公司', '徐先生', '董事長', '花蓮市花蓮路98號', '花蓮市', '花蓮區', '05634', '(06) 245-9636', '(06) 245-9636');
INSERT INTO `customer` VALUES ('C082', '伸格公司', '周先生', '董事長', '宜蘭市經國路55號', '宜蘭市', '經國區', '98034', '(07) 556-6665', '(07) 556-6665');
INSERT INTO `customer` VALUES ('C083', '中碩貿易', '方先生', '業務', '新竹市永平路一段1號', '新竹市', '永平區', '82001', '(08) 889-6698', '(08) 889-6698');
INSERT INTO `customer` VALUES ('C084', '千固', '陳先生', '訂貨員', '台北市北平東路24號', '台北市', '北平區', '69004', '(02) 221-2555', '(02) 221-2555');
INSERT INTO `customer` VALUES ('C085', '山泰企業', '余小姐', '業務', '台北市北平東路24號3樓之一', '台北市', '北平區', '51100', '(03) 247-9682', '(03) 247-9682');
INSERT INTO `customer` VALUES ('C086', '凱旋科技', '蘇先生', '行銷專員', '新竹市竹北路8號', '新竹市', '竹北區', '70563', '(04) 358-6932', '(04) 358-6932');
INSERT INTO `customer` VALUES ('C087', '升格企業', '成先生', '董事長', '台中市中港路一段78號', '台中市', '中港區', '90110', '(05) 999-7788', '(05) 999-7788');
INSERT INTO `customer` VALUES ('C088', '凱誠國際顧問公司', '何先生', '董事長', '南投縣南投路5號', '南投縣', '南投區', '08737', '(06) 852-9636', '(06) 852-9635');
INSERT INTO `customer` VALUES ('C089', '椅天文化事業', '黎先生', '會計人員', '屏東縣永大路4號', '屏東縣', '永大區', '98128', '(07) 223-6665', '(07) 223-6667');
INSERT INTO `customer` VALUES ('C090', '志遠有限公司', '唐小姐', '業務', '屏東市中山路7號', '屏東市', '中山區', '21240', '(08) 784-6698', '(08) 784-6697');
INSERT INTO `customer` VALUES ('C091', '漢典電機', '吳小姐', '業務', '桃園縣富國路42號', '桃園縣', '富國區', '01012', '(02) 555-7647', '(02) 555-7645');
INSERT INTO `customer` VALUES ('C092', '二鄰五金行', '陳清煜', '董事長', '台北市民權東路三段15號十樓', '台北市', '松山區', '10606', '(02)5087883', '(02)5087884');

-- ----------------------------
-- Table structure for `employee`
-- ----------------------------
DROP TABLE IF EXISTS `employee`;
CREATE TABLE `employee` (
  `empNo` char(4) CHARACTER SET utf8 NOT NULL,
  `empName` varchar(10) CHARACTER SET utf8 DEFAULT NULL,
  `title` varchar(20) CHARACTER SET utf8 DEFAULT NULL,
  `birthday` date DEFAULT NULL,
  `address` varchar(50) CHARACTER SET utf8 DEFAULT NULL,
  `city` varchar(10) CHARACTER SET utf8 DEFAULT NULL,
  `area` varchar(10) CHARACTER SET utf8 DEFAULT NULL,
  `zip` char(5) CHARACTER SET utf8 DEFAULT NULL,
  `tel` varchar(20) CHARACTER SET utf8 DEFAULT NULL,
  `ext` varchar(10) CHARACTER SET utf8 DEFAULT NULL,
  `password` char(10) COLLATE utf8_unicode_ci DEFAULT NULL,
  `baseSalary` int(11) DEFAULT NULL,
  PRIMARY KEY (`empNo`),
  UNIQUE KEY `emNoIndex` (`empNo`)
) ENGINE=InnoDB DEFAULT CHARSET=utf8 COLLATE=utf8_unicode_ci;

-- ----------------------------
-- Records of employee
-- ----------------------------
INSERT INTO `employee` VALUES ('E001', '張瑾雯', '業務', '1968-12-08', '北市仁愛路二段56號', '台北市', '中山', '98122', '(02) 2555-9857', '5467', 'ameiou', '35000');
INSERT INTO `employee` VALUES ('E002', '陳季暄', '業務經理', '1952-02-19', '北市敦化南路一段1號', '台北市', '大同', '98401', '(02) 2555-9482', '3457', 'hjyu', '42000');
INSERT INTO `employee` VALUES ('E003', '趙飛燕', '業務', '1963-08-30', '北市忠孝東路四段4 號', '台北市', '松山', '98033', '(02) 2555-3412', '3355', 'dqxxs', '43000');
INSERT INTO `employee` VALUES ('E004', '林美麗', '業務', '1958-09-19', '北市南京東路三段3號', '台北市', '景美', '98052', '(02) 2555-8122', '5176', 'ewtew', '25000');
INSERT INTO `employee` VALUES ('E005', '劉天王', '業務經理', '1955-03-04', '北市北平東路24號', '台北市', '松山', '98552', '(02) 2555-4848', '3453', 'abhyu', '13000');
INSERT INTO `employee` VALUES ('E006', '黎國明', '業務', '1963-07-02', '北市中山北路六段88號', '台北市', '中山', '15524', '(02) 2555-7773', '4281', 'kkmntr', '32100');
INSERT INTO `employee` VALUES ('E007', '郭國臹', '業務', '1960-05-29', '北市師大路67號', '台北市', '大同', '55555', '(02) 2555-5598', '4651', 'deaea', '32100');
INSERT INTO `employee` VALUES ('E008', '蘇涵蘊', '業務主管', '1958-01-09', '北市紹興南路99號', '台北市', '信義', '88888', '(02) 2555-1189', '2344', 'qgyjnn', '33000');
INSERT INTO `employee` VALUES ('E009', '孟庭亭', '業務', '1969-07-02', '北市信義路二段120號', '台北市', '大同', '33333', '(02) 2555-4444', '4521', 'tryyuk', '45000');
INSERT INTO `employee` VALUES ('E010', '賴俊良', '資深工程師', '1972-12-06', '北市北平東路24 號3 樓之一', '台北市', '信義', '11112', '(02) 2322-4932', '221', 'cxxzdgh', '21000');
INSERT INTO `employee` VALUES ('E011', '何大樓', '助手', '1961-12-06', '北市北平東路24 號3 樓之一', '台北市', '景美', '53432', '(02) 2322-4932', '098', 'ytrghf', '44000');
INSERT INTO `employee` VALUES ('E012', '王大德', '工程師', '1968-12-14', '北市北平東路24 號3 樓之一', '台北市', '內湖', '53432', '(02) 2322-4931', '190', 'tykgfrf', '34000');

-- ----------------------------
-- Table structure for `orddetails`
-- ----------------------------
DROP TABLE IF EXISTS `orddetails`;
CREATE TABLE `orddetails` (
  `id` int(11) NOT NULL AUTO_INCREMENT,
  `odNo` char(5) CHARACTER SET utf8 DEFAULT NULL,
  `proNo` char(4) CHARACTER SET utf8 DEFAULT NULL,
  `amt` int(11) DEFAULT NULL,
  PRIMARY KEY (`id`),
  KEY `odNoFKey` (`odNo`),
  KEY `proNoFKey` (`proNo`),
  CONSTRAINT `odNoFKey` FOREIGN KEY (`odNo`) REFERENCES `ordmaster` (`omNo`),
  CONSTRAINT `proNoFKey` FOREIGN KEY (`proNo`) REFERENCES `product` (`proNo`)
) ENGINE=InnoDB AUTO_INCREMENT=2219 DEFAULT CHARSET=utf8 COLLATE=utf8_unicode_ci;

-- ----------------------------
-- Records of orddetails
-- ----------------------------
INSERT INTO `orddetails` VALUES ('1', '10294', 'P001', '18');
INSERT INTO `orddetails` VALUES ('2', '10838', 'P001', '4');
INSERT INTO `orddetails` VALUES ('3', '11070', 'P001', '40');
INSERT INTO `orddetails` VALUES ('4', '10317', 'P001', '20');
INSERT INTO `orddetails` VALUES ('5', '10285', 'P001', '45');
INSERT INTO `orddetails` VALUES ('6', '10847', 'P001', '80');
INSERT INTO `orddetails` VALUES ('7', '10522', 'P001', '40');
INSERT INTO `orddetails` VALUES ('8', '10935', 'P001', '21');
INSERT INTO `orddetails` VALUES ('9', '10752', 'P001', '8');
INSERT INTO `orddetails` VALUES ('10', '10700', 'P001', '5');
INSERT INTO `orddetails` VALUES ('11', '10911', 'P001', '10');
INSERT INTO `orddetails` VALUES ('12', '11025', 'P001', '10');
INSERT INTO `orddetails` VALUES ('13', '10413', 'P001', '24');
INSERT INTO `orddetails` VALUES ('14', '10477', 'P001', '15');
INSERT INTO `orddetails` VALUES ('15', '10354', 'P001', '12');
INSERT INTO `orddetails` VALUES ('16', '10370', 'P001', '15');
INSERT INTO `orddetails` VALUES ('17', '11035', 'P001', '10');
INSERT INTO `orddetails` VALUES ('18', '11031', 'P001', '45');
INSERT INTO `orddetails` VALUES ('19', '10406', 'P001', '10');
INSERT INTO `orddetails` VALUES ('20', '10628', 'P001', '25');
INSERT INTO `orddetails` VALUES ('21', '10729', 'P001', '50');
INSERT INTO `orddetails` VALUES ('22', '10646', 'P001', '15');
INSERT INTO `orddetails` VALUES ('23', '10905', 'P001', '20');
INSERT INTO `orddetails` VALUES ('24', '10918', 'P001', '60');
INSERT INTO `orddetails` VALUES ('25', '10526', 'P001', '8');
INSERT INTO `orddetails` VALUES ('26', '10689', 'P001', '35');
INSERT INTO `orddetails` VALUES ('27', '10691', 'P001', '30');
INSERT INTO `orddetails` VALUES ('28', '10611', 'P001', '6');
INSERT INTO `orddetails` VALUES ('29', '11047', 'P001', '25');
INSERT INTO `orddetails` VALUES ('30', '11005', 'P001', '2');
INSERT INTO `orddetails` VALUES ('31', '10590', 'P001', '20');
INSERT INTO `orddetails` VALUES ('32', '10869', 'P001', '40');
INSERT INTO `orddetails` VALUES ('33', '11006', 'P001', '8');
INSERT INTO `orddetails` VALUES ('34', '11003', 'P001', '4');
INSERT INTO `orddetails` VALUES ('35', '10863', 'P001', '20');
INSERT INTO `orddetails` VALUES ('36', '10348', 'P001', '15');
INSERT INTO `orddetails` VALUES ('37', '10609', 'P001', '3');
INSERT INTO `orddetails` VALUES ('38', '10576', 'P001', '10');
INSERT INTO `orddetails` VALUES ('39', '10722', 'P002', '3');
INSERT INTO `orddetails` VALUES ('40', '11021', 'P002', '11');
INSERT INTO `orddetails` VALUES ('41', '10714', 'P002', '30');
INSERT INTO `orddetails` VALUES ('42', '10888', 'P002', '20');
INSERT INTO `orddetails` VALUES ('43', '10787', 'P002', '15');
INSERT INTO `orddetails` VALUES ('44', '10255', 'P002', '20');
INSERT INTO `orddetails` VALUES ('45', '11072', 'P002', '8');
INSERT INTO `orddetails` VALUES ('46', '10632', 'P002', '30');
INSERT INTO `orddetails` VALUES ('47', '10418', 'P002', '60');
INSERT INTO `orddetails` VALUES ('48', '10806', 'P002', '20');
INSERT INTO `orddetails` VALUES ('49', '11011', 'P002', '1');
INSERT INTO `orddetails` VALUES ('50', '10939', 'P002', '10');
INSERT INTO `orddetails` VALUES ('51', '10792', 'P002', '10');
INSERT INTO `orddetails` VALUES ('52', '10829', 'P002', '10');
INSERT INTO `orddetails` VALUES ('53', '10622', 'P002', '20');
INSERT INTO `orddetails` VALUES ('54', '10258', 'P002', '50');
INSERT INTO `orddetails` VALUES ('55', '10435', 'P002', '10');
INSERT INTO `orddetails` VALUES ('56', '10440', 'P002', '45');
INSERT INTO `orddetails` VALUES ('57', '10703', 'P002', '5');
INSERT INTO `orddetails` VALUES ('58', '10741', 'P002', '15');
INSERT INTO `orddetails` VALUES ('59', '10885', 'P002', '20');
INSERT INTO `orddetails` VALUES ('60', '10852', 'P002', '15');
INSERT INTO `orddetails` VALUES ('61', '11075', 'P002', '10');
INSERT INTO `orddetails` VALUES ('62', '11077', 'P002', '24');
INSERT INTO `orddetails` VALUES ('63', '10504', 'P002', '12');
INSERT INTO `orddetails` VALUES ('64', '11030', 'P002', '100');
INSERT INTO `orddetails` VALUES ('65', '10611', 'P002', '10');
INSERT INTO `orddetails` VALUES ('66', '10342', 'P002', '24');
INSERT INTO `orddetails` VALUES ('67', '10641', 'P002', '50');
INSERT INTO `orddetails` VALUES ('68', '10469', 'P002', '40');
INSERT INTO `orddetails` VALUES ('69', '11041', 'P002', '30');
INSERT INTO `orddetails` VALUES ('70', '10485', 'P002', '20');
INSERT INTO `orddetails` VALUES ('71', '10991', 'P002', '50');
INSERT INTO `orddetails` VALUES ('72', '10766', 'P002', '40');
INSERT INTO `orddetails` VALUES ('73', '10298', 'P002', '40');
INSERT INTO `orddetails` VALUES ('74', '10393', 'P002', '25');
INSERT INTO `orddetails` VALUES ('75', '10327', 'P002', '25');
INSERT INTO `orddetails` VALUES ('76', '11049', 'P002', '10');
INSERT INTO `orddetails` VALUES ('77', '10813', 'P002', '12');
INSERT INTO `orddetails` VALUES ('78', '10866', 'P002', '21');
INSERT INTO `orddetails` VALUES ('79', '10856', 'P002', '20');
INSERT INTO `orddetails` VALUES ('80', '10851', 'P002', '5');
INSERT INTO `orddetails` VALUES ('81', '10264', 'P002', '35');
INSERT INTO `orddetails` VALUES ('82', '11070', 'P002', '20');
INSERT INTO `orddetails` VALUES ('83', '10335', 'P002', '7');
INSERT INTO `orddetails` VALUES ('84', '10405', 'P003', '50');
INSERT INTO `orddetails` VALUES ('85', '10764', 'P003', '20');
INSERT INTO `orddetails` VALUES ('86', '10485', 'P003', '20');
INSERT INTO `orddetails` VALUES ('87', '10702', 'P003', '6');
INSERT INTO `orddetails` VALUES ('88', '10857', 'P003', '30');
INSERT INTO `orddetails` VALUES ('89', '10540', 'P003', '60');
INSERT INTO `orddetails` VALUES ('90', '11017', 'P003', '25');
INSERT INTO `orddetails` VALUES ('91', '10849', 'P003', '49');
INSERT INTO `orddetails` VALUES ('92', '10742', 'P003', '20');
INSERT INTO `orddetails` VALUES ('93', '10591', 'P003', '14');
INSERT INTO `orddetails` VALUES ('94', '10289', 'P003', '30');
INSERT INTO `orddetails` VALUES ('95', '11077', 'P003', '4');
INSERT INTO `orddetails` VALUES ('96', '10464', 'P004', '16');
INSERT INTO `orddetails` VALUES ('97', '11077', 'P004', '1');
INSERT INTO `orddetails` VALUES ('98', '10326', 'P004', '24');
INSERT INTO `orddetails` VALUES ('99', '10309', 'P004', '20');
INSERT INTO `orddetails` VALUES ('100', '10527', 'P004', '50');
INSERT INTO `orddetails` VALUES ('101', '10704', 'P004', '6');
INSERT INTO `orddetails` VALUES ('102', '10846', 'P004', '21');
INSERT INTO `orddetails` VALUES ('103', '10336', 'P004', '18');
INSERT INTO `orddetails` VALUES ('104', '10913', 'P004', '30');
INSERT INTO `orddetails` VALUES ('105', '11000', 'P004', '25');
INSERT INTO `orddetails` VALUES ('106', '10726', 'P004', '25');
INSERT INTO `orddetails` VALUES ('107', '10950', 'P004', '5');
INSERT INTO `orddetails` VALUES ('108', '10344', 'P004', '35');
INSERT INTO `orddetails` VALUES ('109', '10533', 'P004', '50');
INSERT INTO `orddetails` VALUES ('110', '10511', 'P004', '50');
INSERT INTO `orddetails` VALUES ('111', '10339', 'P004', '10');
INSERT INTO `orddetails` VALUES ('112', '10606', 'P004', '20');
INSERT INTO `orddetails` VALUES ('113', '10636', 'P004', '25');
INSERT INTO `orddetails` VALUES ('114', '10654', 'P004', '12');
INSERT INTO `orddetails` VALUES ('115', '10635', 'P004', '10');
INSERT INTO `orddetails` VALUES ('116', '10290', 'P005', '20');
INSERT INTO `orddetails` VALUES ('117', '10848', 'P005', '30');
INSERT INTO `orddetails` VALUES ('118', '11047', 'P005', '30');
INSERT INTO `orddetails` VALUES ('119', '10258', 'P005', '65');
INSERT INTO `orddetails` VALUES ('120', '10958', 'P005', '20');
INSERT INTO `orddetails` VALUES ('121', '10708', 'P005', '4');
INSERT INTO `orddetails` VALUES ('122', '10382', 'P005', '32');
INSERT INTO `orddetails` VALUES ('123', '10635', 'P005', '15');
INSERT INTO `orddetails` VALUES ('124', '10262', 'P005', '12');
INSERT INTO `orddetails` VALUES ('125', '11030', 'P005', '70');
INSERT INTO `orddetails` VALUES ('126', '10830', 'P006', '6');
INSERT INTO `orddetails` VALUES ('127', '10871', 'P006', '50');
INSERT INTO `orddetails` VALUES ('128', '11076', 'P006', '20');
INSERT INTO `orddetails` VALUES ('129', '10618', 'P006', '70');
INSERT INTO `orddetails` VALUES ('130', '10989', 'P006', '40');
INSERT INTO `orddetails` VALUES ('131', '10949', 'P006', '12');
INSERT INTO `orddetails` VALUES ('132', '10934', 'P006', '20');
INSERT INTO `orddetails` VALUES ('133', '10734', 'P006', '30');
INSERT INTO `orddetails` VALUES ('134', '11077', 'P006', '1');
INSERT INTO `orddetails` VALUES ('135', '10325', 'P006', '6');
INSERT INTO `orddetails` VALUES ('136', '10952', 'P006', '16');
INSERT INTO `orddetails` VALUES ('137', '10309', 'P006', '30');
INSERT INTO `orddetails` VALUES ('138', '10858', 'P007', '5');
INSERT INTO `orddetails` VALUES ('139', '10385', 'P007', '10');
INSERT INTO `orddetails` VALUES ('140', '11010', 'P007', '20');
INSERT INTO `orddetails` VALUES ('141', '10979', 'P007', '18');
INSERT INTO `orddetails` VALUES ('142', '10546', 'P007', '10');
INSERT INTO `orddetails` VALUES ('143', '10694', 'P007', '90');
INSERT INTO `orddetails` VALUES ('144', '11071', 'P007', '15');
INSERT INTO `orddetails` VALUES ('145', '10790', 'P007', '3');
INSERT INTO `orddetails` VALUES ('146', '10833', 'P007', '20');
INSERT INTO `orddetails` VALUES ('147', '11077', 'P007', '1');
INSERT INTO `orddetails` VALUES ('148', '10607', 'P007', '45');
INSERT INTO `orddetails` VALUES ('149', '10459', 'P007', '16');
INSERT INTO `orddetails` VALUES ('150', '11023', 'P007', '4');
INSERT INTO `orddetails` VALUES ('151', '10909', 'P007', '12');
INSERT INTO `orddetails` VALUES ('152', '10766', 'P007', '35');
INSERT INTO `orddetails` VALUES ('153', '10471', 'P007', '30');
INSERT INTO `orddetails` VALUES ('154', '10988', 'P007', '60');
INSERT INTO `orddetails` VALUES ('155', '10591', 'P007', '10');
INSERT INTO `orddetails` VALUES ('156', '11001', 'P007', '60');
INSERT INTO `orddetails` VALUES ('157', '10987', 'P007', '60');
INSERT INTO `orddetails` VALUES ('158', '10958', 'P007', '6');
INSERT INTO `orddetails` VALUES ('159', '10982', 'P007', '20');
INSERT INTO `orddetails` VALUES ('160', '10908', 'P007', '20');
INSERT INTO `orddetails` VALUES ('161', '10262', 'P007', '15');
INSERT INTO `orddetails` VALUES ('162', '10962', 'P007', '45');
INSERT INTO `orddetails` VALUES ('163', '11056', 'P007', '40');
INSERT INTO `orddetails` VALUES ('164', '10940', 'P007', '8');
INSERT INTO `orddetails` VALUES ('165', '10634', 'P007', '35');
INSERT INTO `orddetails` VALUES ('166', '10511', 'P007', '50');
INSERT INTO `orddetails` VALUES ('167', '11007', 'P008', '30');
INSERT INTO `orddetails` VALUES ('168', '10511', 'P008', '10');
INSERT INTO `orddetails` VALUES ('169', '10709', 'P008', '40');
INSERT INTO `orddetails` VALUES ('170', '10893', 'P008', '30');
INSERT INTO `orddetails` VALUES ('171', '10695', 'P008', '10');
INSERT INTO `orddetails` VALUES ('172', '10975', 'P008', '16');
INSERT INTO `orddetails` VALUES ('173', '10829', 'P008', '20');
INSERT INTO `orddetails` VALUES ('174', '10344', 'P008', '70');
INSERT INTO `orddetails` VALUES ('175', '11077', 'P008', '2');
INSERT INTO `orddetails` VALUES ('176', '10786', 'P008', '30');
INSERT INTO `orddetails` VALUES ('177', '10345', 'P008', '70');
INSERT INTO `orddetails` VALUES ('178', '10978', 'P008', '20');
INSERT INTO `orddetails` VALUES ('179', '10522', 'P008', '24');
INSERT INTO `orddetails` VALUES ('180', '10687', 'P009', '50');
INSERT INTO `orddetails` VALUES ('181', '10693', 'P009', '6');
INSERT INTO `orddetails` VALUES ('182', '10515', 'P009', '16');
INSERT INTO `orddetails` VALUES ('183', '10848', 'P009', '3');
INSERT INTO `orddetails` VALUES ('184', '10420', 'P009', '20');
INSERT INTO `orddetails` VALUES ('185', '10949', 'P010', '30');
INSERT INTO `orddetails` VALUES ('186', '10946', 'P010', '25');
INSERT INTO `orddetails` VALUES ('187', '10874', 'P010', '10');
INSERT INTO `orddetails` VALUES ('188', '10713', 'P010', '18');
INSERT INTO `orddetails` VALUES ('189', '10827', 'P010', '15');
INSERT INTO `orddetails` VALUES ('190', '10775', 'P010', '6');
INSERT INTO `orddetails` VALUES ('191', '10685', 'P010', '20');
INSERT INTO `orddetails` VALUES ('192', '10715', 'P010', '21');
INSERT INTO `orddetails` VALUES ('193', '10609', 'P010', '10');
INSERT INTO `orddetails` VALUES ('194', '10688', 'P010', '18');
INSERT INTO `orddetails` VALUES ('195', '10450', 'P010', '20');
INSERT INTO `orddetails` VALUES ('196', '10389', 'P010', '16');
INSERT INTO `orddetails` VALUES ('197', '10478', 'P010', '20');
INSERT INTO `orddetails` VALUES ('198', '10854', 'P010', '100');
INSERT INTO `orddetails` VALUES ('199', '10449', 'P010', '14');
INSERT INTO `orddetails` VALUES ('200', '10568', 'P010', '5');
INSERT INTO `orddetails` VALUES ('201', '10804', 'P010', '36');
INSERT INTO `orddetails` VALUES ('202', '10612', 'P010', '70');
INSERT INTO `orddetails` VALUES ('203', '10676', 'P010', '2');
INSERT INTO `orddetails` VALUES ('204', '10664', 'P010', '24');
INSERT INTO `orddetails` VALUES ('205', '10785', 'P010', '10');
INSERT INTO `orddetails` VALUES ('206', '11020', 'P010', '24');
INSERT INTO `orddetails` VALUES ('207', '10519', 'P010', '16');
INSERT INTO `orddetails` VALUES ('208', '10524', 'P010', '2');
INSERT INTO `orddetails` VALUES ('209', '10357', 'P010', '30');
INSERT INTO `orddetails` VALUES ('210', '10841', 'P010', '16');
INSERT INTO `orddetails` VALUES ('211', '10273', 'P010', '24');
INSERT INTO `orddetails` VALUES ('212', '11077', 'P010', '1');
INSERT INTO `orddetails` VALUES ('213', '10276', 'P010', '15');
INSERT INTO `orddetails` VALUES ('214', '10886', 'P010', '70');
INSERT INTO `orddetails` VALUES ('215', '10924', 'P010', '20');
INSERT INTO `orddetails` VALUES ('216', '10724', 'P010', '16');
INSERT INTO `orddetails` VALUES ('217', '10646', 'P010', '18');
INSERT INTO `orddetails` VALUES ('218', '10545', 'P011', '10');
INSERT INTO `orddetails` VALUES ('219', '10542', 'P011', '15');
INSERT INTO `orddetails` VALUES ('220', '10862', 'P011', '25');
INSERT INTO `orddetails` VALUES ('221', '10407', 'P011', '30');
INSERT INTO `orddetails` VALUES ('222', '10535', 'P011', '50');
INSERT INTO `orddetails` VALUES ('223', '10800', 'P011', '50');
INSERT INTO `orddetails` VALUES ('224', '10566', 'P011', '35');
INSERT INTO `orddetails` VALUES ('225', '10570', 'P011', '15');
INSERT INTO `orddetails` VALUES ('226', '10365', 'P011', '24');
INSERT INTO `orddetails` VALUES ('227', '10698', 'P011', '15');
INSERT INTO `orddetails` VALUES ('228', '10296', 'P011', '12');
INSERT INTO `orddetails` VALUES ('229', '10637', 'P011', '10');
INSERT INTO `orddetails` VALUES ('230', '10926', 'P011', '2');
INSERT INTO `orddetails` VALUES ('231', '10726', 'P011', '5');
INSERT INTO `orddetails` VALUES ('232', '11073', 'P011', '10');
INSERT INTO `orddetails` VALUES ('233', '10889', 'P011', '40');
INSERT INTO `orddetails` VALUES ('234', '10842', 'P011', '15');
INSERT INTO `orddetails` VALUES ('235', '10823', 'P011', '20');
INSERT INTO `orddetails` VALUES ('236', '10614', 'P011', '14');
INSERT INTO `orddetails` VALUES ('237', '10353', 'P011', '12');
INSERT INTO `orddetails` VALUES ('238', '10327', 'P011', '50');
INSERT INTO `orddetails` VALUES ('239', '10944', 'P011', '5');
INSERT INTO `orddetails` VALUES ('240', '11043', 'P011', '10');
INSERT INTO `orddetails` VALUES ('241', '10912', 'P011', '40');
INSERT INTO `orddetails` VALUES ('242', '10770', 'P011', '15');
INSERT INTO `orddetails` VALUES ('243', '10528', 'P011', '3');
INSERT INTO `orddetails` VALUES ('244', '10869', 'P011', '10');
INSERT INTO `orddetails` VALUES ('245', '10486', 'P011', '5');
INSERT INTO `orddetails` VALUES ('246', '10553', 'P011', '15');
INSERT INTO `orddetails` VALUES ('247', '10986', 'P011', '30');
INSERT INTO `orddetails` VALUES ('248', '10434', 'P011', '6');
INSERT INTO `orddetails` VALUES ('249', '10989', 'P011', '15');
INSERT INTO `orddetails` VALUES ('250', '10797', 'P011', '20');
INSERT INTO `orddetails` VALUES ('251', '10489', 'P011', '15');
INSERT INTO `orddetails` VALUES ('252', '10466', 'P011', '10');
INSERT INTO `orddetails` VALUES ('253', '10442', 'P011', '30');
INSERT INTO `orddetails` VALUES ('254', '10443', 'P011', '6');
INSERT INTO `orddetails` VALUES ('255', '10266', 'P012', '12');
INSERT INTO `orddetails` VALUES ('256', '11049', 'P012', '4');
INSERT INTO `orddetails` VALUES ('257', '11046', 'P012', '20');
INSERT INTO `orddetails` VALUES ('258', '11077', 'P012', '2');
INSERT INTO `orddetails` VALUES ('259', '10543', 'P012', '30');
INSERT INTO `orddetails` VALUES ('260', '10439', 'P012', '15');
INSERT INTO `orddetails` VALUES ('261', '10979', 'P012', '20');
INSERT INTO `orddetails` VALUES ('262', '10695', 'P012', '4');
INSERT INTO `orddetails` VALUES ('263', '10718', 'P012', '36');
INSERT INTO `orddetails` VALUES ('264', '10678', 'P012', '100');
INSERT INTO `orddetails` VALUES ('265', '10536', 'P012', '15');
INSERT INTO `orddetails` VALUES ('266', '10633', 'P012', '36');
INSERT INTO `orddetails` VALUES ('267', '11018', 'P012', '20');
INSERT INTO `orddetails` VALUES ('268', '10968', 'P012', '30');
INSERT INTO `orddetails` VALUES ('269', '10737', 'P013', '4');
INSERT INTO `orddetails` VALUES ('270', '10837', 'P013', '6');
INSERT INTO `orddetails` VALUES ('271', '10394', 'P013', '10');
INSERT INTO `orddetails` VALUES ('272', '10903', 'P013', '40');
INSERT INTO `orddetails` VALUES ('273', '10945', 'P013', '20');
INSERT INTO `orddetails` VALUES ('274', '10829', 'P013', '10');
INSERT INTO `orddetails` VALUES ('275', '10508', 'P013', '10');
INSERT INTO `orddetails` VALUES ('276', '10926', 'P013', '10');
INSERT INTO `orddetails` VALUES ('277', '11031', 'P013', '80');
INSERT INTO `orddetails` VALUES ('278', '10983', 'P013', '84');
INSERT INTO `orddetails` VALUES ('279', '11025', 'P013', '20');
INSERT INTO `orddetails` VALUES ('280', '10810', 'P013', '7');
INSERT INTO `orddetails` VALUES ('281', '10799', 'P013', '20');
INSERT INTO `orddetails` VALUES ('282', '10633', 'P013', '13');
INSERT INTO `orddetails` VALUES ('283', '10325', 'P013', '12');
INSERT INTO `orddetails` VALUES ('284', '10391', 'P013', '18');
INSERT INTO `orddetails` VALUES ('285', '10420', 'P013', '2');
INSERT INTO `orddetails` VALUES ('286', '11002', 'P013', '56');
INSERT INTO `orddetails` VALUES ('287', '10746', 'P013', '6');
INSERT INTO `orddetails` VALUES ('288', '11077', 'P013', '4');
INSERT INTO `orddetails` VALUES ('289', '10894', 'P013', '28');
INSERT INTO `orddetails` VALUES ('290', '10832', 'P013', '3');
INSERT INTO `orddetails` VALUES ('291', '10539', 'P013', '8');
INSERT INTO `orddetails` VALUES ('292', '10854', 'P013', '65');
INSERT INTO `orddetails` VALUES ('293', '10601', 'P013', '60');
INSERT INTO `orddetails` VALUES ('294', '10276', 'P013', '10');
INSERT INTO `orddetails` VALUES ('295', '10613', 'P013', '8');
INSERT INTO `orddetails` VALUES ('296', '11059', 'P013', '30');
INSERT INTO `orddetails` VALUES ('297', '10383', 'P013', '20');
INSERT INTO `orddetails` VALUES ('298', '10462', 'P013', '1');
INSERT INTO `orddetails` VALUES ('299', '10938', 'P013', '20');
INSERT INTO `orddetails` VALUES ('300', '11036', 'P013', '7');
INSERT INTO `orddetails` VALUES ('301', '10898', 'P013', '5');
INSERT INTO `orddetails` VALUES ('302', '11071', 'P013', '10');
INSERT INTO `orddetails` VALUES ('303', '10291', 'P013', '20');
INSERT INTO `orddetails` VALUES ('304', '10526', 'P013', '10');
INSERT INTO `orddetails` VALUES ('305', '10943', 'P013', '15');
INSERT INTO `orddetails` VALUES ('306', '10962', 'P013', '77');
INSERT INTO `orddetails` VALUES ('307', '10931', 'P013', '42');
INSERT INTO `orddetails` VALUES ('308', '10940', 'P013', '20');
INSERT INTO `orddetails` VALUES ('309', '10555', 'P014', '30');
INSERT INTO `orddetails` VALUES ('310', '11077', 'P014', '1');
INSERT INTO `orddetails` VALUES ('311', '10656', 'P014', '3');
INSERT INTO `orddetails` VALUES ('312', '10474', 'P014', '12');
INSERT INTO `orddetails` VALUES ('313', '10675', 'P014', '30');
INSERT INTO `orddetails` VALUES ('314', '10794', 'P014', '15');
INSERT INTO `orddetails` VALUES ('315', '10427', 'P014', '35');
INSERT INTO `orddetails` VALUES ('316', '10750', 'P014', '5');
INSERT INTO `orddetails` VALUES ('317', '10375', 'P014', '15');
INSERT INTO `orddetails` VALUES ('318', '10571', 'P014', '11');
INSERT INTO `orddetails` VALUES ('319', '10249', 'P014', '9');
INSERT INTO `orddetails` VALUES ('320', '10580', 'P014', '15');
INSERT INTO `orddetails` VALUES ('321', '10325', 'P014', '9');
INSERT INTO `orddetails` VALUES ('322', '10409', 'P014', '12');
INSERT INTO `orddetails` VALUES ('323', '10733', 'P014', '16');
INSERT INTO `orddetails` VALUES ('324', '10412', 'P014', '20');
INSERT INTO `orddetails` VALUES ('325', '10393', 'P014', '42');
INSERT INTO `orddetails` VALUES ('326', '10333', 'P014', '10');
INSERT INTO `orddetails` VALUES ('327', '10623', 'P014', '21');
INSERT INTO `orddetails` VALUES ('328', '10503', 'P014', '70');
INSERT INTO `orddetails` VALUES ('329', '11076', 'P014', '20');
INSERT INTO `orddetails` VALUES ('330', '10625', 'P014', '3');
INSERT INTO `orddetails` VALUES ('331', '10657', 'P015', '50');
INSERT INTO `orddetails` VALUES ('332', '10283', 'P015', '20');
INSERT INTO `orddetails` VALUES ('333', '10323', 'P015', '5');
INSERT INTO `orddetails` VALUES ('334', '10592', 'P015', '25');
INSERT INTO `orddetails` VALUES ('335', '10579', 'P015', '10');
INSERT INTO `orddetails` VALUES ('336', '10500', 'P015', '12');
INSERT INTO `orddetails` VALUES ('337', '10673', 'P016', '3');
INSERT INTO `orddetails` VALUES ('338', '10916', 'P016', '6');
INSERT INTO `orddetails` VALUES ('339', '10489', 'P016', '18');
INSERT INTO `orddetails` VALUES ('340', '10718', 'P016', '20');
INSERT INTO `orddetails` VALUES ('341', '10310', 'P016', '10');
INSERT INTO `orddetails` VALUES ('342', '10671', 'P016', '10');
INSERT INTO `orddetails` VALUES ('343', '10515', 'P016', '50');
INSERT INTO `orddetails` VALUES ('344', '10553', 'P016', '14');
INSERT INTO `orddetails` VALUES ('345', '10871', 'P016', '12');
INSERT INTO `orddetails` VALUES ('346', '10324', 'P016', '21');
INSERT INTO `orddetails` VALUES ('347', '10454', 'P016', '20');
INSERT INTO `orddetails` VALUES ('348', '10554', 'P016', '30');
INSERT INTO `orddetails` VALUES ('349', '10909', 'P016', '15');
INSERT INTO `orddetails` VALUES ('350', '10795', 'P016', '65');
INSERT INTO `orddetails` VALUES ('351', '10738', 'P016', '3');
INSERT INTO `orddetails` VALUES ('352', '10706', 'P016', '20');
INSERT INTO `orddetails` VALUES ('353', '10551', 'P016', '40');
INSERT INTO `orddetails` VALUES ('354', '10296', 'P016', '30');
INSERT INTO `orddetails` VALUES ('355', '10263', 'P016', '60');
INSERT INTO `orddetails` VALUES ('356', '10855', 'P016', '50');
INSERT INTO `orddetails` VALUES ('357', '10605', 'P016', '30');
INSERT INTO `orddetails` VALUES ('358', '10469', 'P016', '35');
INSERT INTO `orddetails` VALUES ('359', '10255', 'P016', '35');
INSERT INTO `orddetails` VALUES ('360', '10779', 'P016', '20');
INSERT INTO `orddetails` VALUES ('361', '11074', 'P016', '14');
INSERT INTO `orddetails` VALUES ('362', '10572', 'P016', '12');
INSERT INTO `orddetails` VALUES ('363', '10954', 'P016', '28');
INSERT INTO `orddetails` VALUES ('364', '10653', 'P016', '30');
INSERT INTO `orddetails` VALUES ('365', '10403', 'P016', '21');
INSERT INTO `orddetails` VALUES ('366', '10919', 'P016', '24');
INSERT INTO `orddetails` VALUES ('367', '10932', 'P016', '30');
INSERT INTO `orddetails` VALUES ('368', '10680', 'P016', '50');
INSERT INTO `orddetails` VALUES ('369', '10984', 'P016', '55');
INSERT INTO `orddetails` VALUES ('370', '10877', 'P016', '30');
INSERT INTO `orddetails` VALUES ('371', '10359', 'P016', '56');
INSERT INTO `orddetails` VALUES ('372', '10730', 'P016', '15');
INSERT INTO `orddetails` VALUES ('373', '11070', 'P016', '30');
INSERT INTO `orddetails` VALUES ('374', '10985', 'P016', '36');
INSERT INTO `orddetails` VALUES ('375', '10287', 'P016', '40');
INSERT INTO `orddetails` VALUES ('376', '10440', 'P016', '49');
INSERT INTO `orddetails` VALUES ('377', '11077', 'P016', '2');
INSERT INTO `orddetails` VALUES ('378', '10439', 'P016', '16');
INSERT INTO `orddetails` VALUES ('379', '11066', 'P016', '3');
INSERT INTO `orddetails` VALUES ('380', '10698', 'P017', '8');
INSERT INTO `orddetails` VALUES ('381', '10795', 'P017', '35');
INSERT INTO `orddetails` VALUES ('382', '10294', 'P017', '15');
INSERT INTO `orddetails` VALUES ('383', '10338', 'P017', '20');
INSERT INTO `orddetails` VALUES ('384', '10773', 'P017', '33');
INSERT INTO `orddetails` VALUES ('385', '10696', 'P017', '20');
INSERT INTO `orddetails` VALUES ('386', '10861', 'P017', '42');
INSERT INTO `orddetails` VALUES ('387', '10564', 'P017', '16');
INSERT INTO `orddetails` VALUES ('388', '10430', 'P017', '45');
INSERT INTO `orddetails` VALUES ('389', '10890', 'P017', '15');
INSERT INTO `orddetails` VALUES ('390', '10852', 'P017', '6');
INSERT INTO `orddetails` VALUES ('391', '10686', 'P017', '30');
INSERT INTO `orddetails` VALUES ('392', '10573', 'P017', '18');
INSERT INTO `orddetails` VALUES ('393', '10949', 'P017', '6');
INSERT INTO `orddetails` VALUES ('394', '10265', 'P017', '30');
INSERT INTO `orddetails` VALUES ('395', '10922', 'P017', '15');
INSERT INTO `orddetails` VALUES ('396', '10444', 'P017', '10');
INSERT INTO `orddetails` VALUES ('397', '10431', 'P017', '50');
INSERT INTO `orddetails` VALUES ('398', '10607', 'P017', '100');
INSERT INTO `orddetails` VALUES ('399', '10871', 'P017', '16');
INSERT INTO `orddetails` VALUES ('400', '10302', 'P017', '40');
INSERT INTO `orddetails` VALUES ('401', '10279', 'P017', '15');
INSERT INTO `orddetails` VALUES ('402', '10915', 'P017', '10');
INSERT INTO `orddetails` VALUES ('403', '10339', 'P017', '70');
INSERT INTO `orddetails` VALUES ('404', '10972', 'P017', '6');
INSERT INTO `orddetails` VALUES ('405', '10714', 'P017', '27');
INSERT INTO `orddetails` VALUES ('406', '11059', 'P017', '12');
INSERT INTO `orddetails` VALUES ('407', '10727', 'P017', '20');
INSERT INTO `orddetails` VALUES ('408', '10911', 'P017', '12');
INSERT INTO `orddetails` VALUES ('409', '10523', 'P017', '25');
INSERT INTO `orddetails` VALUES ('410', '10346', 'P017', '36');
INSERT INTO `orddetails` VALUES ('411', '10530', 'P017', '40');
INSERT INTO `orddetails` VALUES ('412', '10550', 'P017', '8');
INSERT INTO `orddetails` VALUES ('413', '10319', 'P017', '8');
INSERT INTO `orddetails` VALUES ('414', '10415', 'P017', '2');
INSERT INTO `orddetails` VALUES ('415', '11064', 'P017', '77');
INSERT INTO `orddetails` VALUES ('416', '10801', 'P017', '40');
INSERT INTO `orddetails` VALUES ('417', '10382', 'P018', '9');
INSERT INTO `orddetails` VALUES ('418', '10340', 'P018', '20');
INSERT INTO `orddetails` VALUES ('419', '10719', 'P018', '12');
INSERT INTO `orddetails` VALUES ('420', '10645', 'P018', '20');
INSERT INTO `orddetails` VALUES ('421', '10293', 'P018', '12');
INSERT INTO `orddetails` VALUES ('422', '10964', 'P018', '6');
INSERT INTO `orddetails` VALUES ('423', '10305', 'P018', '25');
INSERT INTO `orddetails` VALUES ('424', '10470', 'P018', '30');
INSERT INTO `orddetails` VALUES ('425', '10516', 'P018', '25');
INSERT INTO `orddetails` VALUES ('426', '10644', 'P018', '4');
INSERT INTO `orddetails` VALUES ('427', '10634', 'P018', '50');
INSERT INTO `orddetails` VALUES ('428', '10639', 'P018', '8');
INSERT INTO `orddetails` VALUES ('429', '10789', 'P018', '30');
INSERT INTO `orddetails` VALUES ('430', '10985', 'P018', '8');
INSERT INTO `orddetails` VALUES ('431', '10756', 'P018', '21');
INSERT INTO `orddetails` VALUES ('432', '10935', 'P018', '4');
INSERT INTO `orddetails` VALUES ('433', '10877', 'P018', '25');
INSERT INTO `orddetails` VALUES ('434', '10332', 'P018', '40');
INSERT INTO `orddetails` VALUES ('435', '10853', 'P018', '10');
INSERT INTO `orddetails` VALUES ('436', '11018', 'P018', '10');
INSERT INTO `orddetails` VALUES ('437', '10745', 'P018', '24');
INSERT INTO `orddetails` VALUES ('438', '10588', 'P018', '40');
INSERT INTO `orddetails` VALUES ('439', '10861', 'P018', '20');
INSERT INTO `orddetails` VALUES ('440', '10566', 'P018', '18');
INSERT INTO `orddetails` VALUES ('441', '11053', 'P018', '35');
INSERT INTO `orddetails` VALUES ('442', '10838', 'P018', '25');
INSERT INTO `orddetails` VALUES ('443', '11026', 'P018', '8');
INSERT INTO `orddetails` VALUES ('444', '11022', 'P019', '35');
INSERT INTO `orddetails` VALUES ('445', '10788', 'P019', '50');
INSERT INTO `orddetails` VALUES ('446', '10416', 'P019', '20');
INSERT INTO `orddetails` VALUES ('447', '11012', 'P019', '50');
INSERT INTO `orddetails` VALUES ('448', '10438', 'P019', '15');
INSERT INTO `orddetails` VALUES ('449', '10414', 'P019', '18');
INSERT INTO `orddetails` VALUES ('450', '10803', 'P019', '24');
INSERT INTO `orddetails` VALUES ('451', '10421', 'P019', '4');
INSERT INTO `orddetails` VALUES ('452', '10299', 'P019', '15');
INSERT INTO `orddetails` VALUES ('453', '10875', 'P019', '25');
INSERT INTO `orddetails` VALUES ('454', '10329', 'P019', '10');
INSERT INTO `orddetails` VALUES ('455', '10710', 'P019', '5');
INSERT INTO `orddetails` VALUES ('456', '10711', 'P019', '12');
INSERT INTO `orddetails` VALUES ('457', '10697', 'P019', '7');
INSERT INTO `orddetails` VALUES ('458', '10811', 'P019', '15');
INSERT INTO `orddetails` VALUES ('459', '10345', 'P019', '80');
INSERT INTO `orddetails` VALUES ('460', '10283', 'P019', '18');
INSERT INTO `orddetails` VALUES ('461', '10447', 'P019', '40');
INSERT INTO `orddetails` VALUES ('462', '10647', 'P019', '30');
INSERT INTO `orddetails` VALUES ('463', '10623', 'P019', '15');
INSERT INTO `orddetails` VALUES ('464', '10621', 'P019', '5');
INSERT INTO `orddetails` VALUES ('465', '10651', 'P019', '12');
INSERT INTO `orddetails` VALUES ('466', '10555', 'P019', '35');
INSERT INTO `orddetails` VALUES ('467', '10926', 'P019', '7');
INSERT INTO `orddetails` VALUES ('468', '10831', 'P019', '2');
INSERT INTO `orddetails` VALUES ('469', '10676', 'P019', '7');
INSERT INTO `orddetails` VALUES ('470', '10847', 'P019', '12');
INSERT INTO `orddetails` VALUES ('471', '10550', 'P019', '10');
INSERT INTO `orddetails` VALUES ('472', '10463', 'P019', '21');
INSERT INTO `orddetails` VALUES ('473', '10910', 'P019', '12');
INSERT INTO `orddetails` VALUES ('474', '10281', 'P019', '1');
INSERT INTO `orddetails` VALUES ('475', '10967', 'P019', '12');
INSERT INTO `orddetails` VALUES ('476', '10487', 'P019', '5');
INSERT INTO `orddetails` VALUES ('477', '10681', 'P019', '30');
INSERT INTO `orddetails` VALUES ('478', '11076', 'P019', '10');
INSERT INTO `orddetails` VALUES ('479', '11066', 'P019', '42');
INSERT INTO `orddetails` VALUES ('480', '10446', 'P019', '12');
INSERT INTO `orddetails` VALUES ('481', '10372', 'P020', '12');
INSERT INTO `orddetails` VALUES ('482', '10878', 'P020', '20');
INSERT INTO `orddetails` VALUES ('483', '10986', 'P020', '15');
INSERT INTO `orddetails` VALUES ('484', '10828', 'P020', '5');
INSERT INTO `orddetails` VALUES ('485', '10593', 'P020', '21');
INSERT INTO `orddetails` VALUES ('486', '10514', 'P020', '39');
INSERT INTO `orddetails` VALUES ('487', '10927', 'P020', '5');
INSERT INTO `orddetails` VALUES ('488', '10953', 'P020', '50');
INSERT INTO `orddetails` VALUES ('489', '10384', 'P020', '28');
INSERT INTO `orddetails` VALUES ('490', '10292', 'P020', '20');
INSERT INTO `orddetails` VALUES ('491', '10252', 'P020', '40');
INSERT INTO `orddetails` VALUES ('492', '11021', 'P020', '15');
INSERT INTO `orddetails` VALUES ('493', '11077', 'P020', '1');
INSERT INTO `orddetails` VALUES ('494', '10660', 'P020', '21');
INSERT INTO `orddetails` VALUES ('495', '10523', 'P020', '15');
INSERT INTO `orddetails` VALUES ('496', '10272', 'P020', '6');
INSERT INTO `orddetails` VALUES ('497', '10261', 'P021', '20');
INSERT INTO `orddetails` VALUES ('498', '10477', 'P021', '21');
INSERT INTO `orddetails` VALUES ('499', '10513', 'P021', '40');
INSERT INTO `orddetails` VALUES ('500', '10259', 'P021', '10');
INSERT INTO `orddetails` VALUES ('501', '10861', 'P021', '40');
INSERT INTO `orddetails` VALUES ('502', '10539', 'P021', '15');
INSERT INTO `orddetails` VALUES ('503', '10978', 'P021', '40');
INSERT INTO `orddetails` VALUES ('504', '10550', 'P021', '6');
INSERT INTO `orddetails` VALUES ('505', '10504', 'P021', '12');
INSERT INTO `orddetails` VALUES ('506', '10409', 'P021', '12');
INSERT INTO `orddetails` VALUES ('507', '10484', 'P021', '14');
INSERT INTO `orddetails` VALUES ('508', '11034', 'P021', '15');
INSERT INTO `orddetails` VALUES ('509', '10461', 'P021', '40');
INSERT INTO `orddetails` VALUES ('510', '10456', 'P021', '40');
INSERT INTO `orddetails` VALUES ('511', '11058', 'P021', '3');
INSERT INTO `orddetails` VALUES ('512', '10430', 'P021', '50');
INSERT INTO `orddetails` VALUES ('513', '10333', 'P021', '10');
INSERT INTO `orddetails` VALUES ('514', '11040', 'P021', '20');
INSERT INTO `orddetails` VALUES ('515', '10406', 'P021', '30');
INSERT INTO `orddetails` VALUES ('516', '10397', 'P021', '10');
INSERT INTO `orddetails` VALUES ('517', '10368', 'P021', '5');
INSERT INTO `orddetails` VALUES ('518', '10990', 'P021', '65');
INSERT INTO `orddetails` VALUES ('519', '10763', 'P021', '40');
INSERT INTO `orddetails` VALUES ('520', '10681', 'P021', '12');
INSERT INTO `orddetails` VALUES ('521', '10642', 'P021', '30');
INSERT INTO `orddetails` VALUES ('522', '10873', 'P021', '20');
INSERT INTO `orddetails` VALUES ('523', '10929', 'P021', '60');
INSERT INTO `orddetails` VALUES ('524', '10658', 'P021', '60');
INSERT INTO `orddetails` VALUES ('525', '10930', 'P021', '36');
INSERT INTO `orddetails` VALUES ('526', '10619', 'P021', '42');
INSERT INTO `orddetails` VALUES ('527', '10614', 'P021', '8');
INSERT INTO `orddetails` VALUES ('528', '10716', 'P021', '5');
INSERT INTO `orddetails` VALUES ('529', '10731', 'P021', '40');
INSERT INTO `orddetails` VALUES ('530', '10884', 'P021', '40');
INSERT INTO `orddetails` VALUES ('531', '10956', 'P021', '12');
INSERT INTO `orddetails` VALUES ('532', '10623', 'P021', '25');
INSERT INTO `orddetails` VALUES ('533', '10717', 'P021', '32');
INSERT INTO `orddetails` VALUES ('534', '10729', 'P021', '30');
INSERT INTO `orddetails` VALUES ('535', '10609', 'P021', '6');
INSERT INTO `orddetails` VALUES ('536', '10768', 'P022', '4');
INSERT INTO `orddetails` VALUES ('537', '10836', 'P022', '52');
INSERT INTO `orddetails` VALUES ('538', '11001', 'P022', '25');
INSERT INTO `orddetails` VALUES ('539', '10763', 'P022', '6');
INSERT INTO `orddetails` VALUES ('540', '10251', 'P022', '6');
INSERT INTO `orddetails` VALUES ('541', '10648', 'P022', '15');
INSERT INTO `orddetails` VALUES ('542', '10943', 'P022', '21');
INSERT INTO `orddetails` VALUES ('543', '10635', 'P022', '40');
INSERT INTO `orddetails` VALUES ('544', '10844', 'P022', '35');
INSERT INTO `orddetails` VALUES ('545', '10603', 'P022', '48');
INSERT INTO `orddetails` VALUES ('546', '10553', 'P022', '24');
INSERT INTO `orddetails` VALUES ('547', '10651', 'P022', '20');
INSERT INTO `orddetails` VALUES ('548', '10435', 'P022', '12');
INSERT INTO `orddetails` VALUES ('549', '10619', 'P022', '40');
INSERT INTO `orddetails` VALUES ('550', '10396', 'P023', '40');
INSERT INTO `orddetails` VALUES ('551', '10495', 'P023', '10');
INSERT INTO `orddetails` VALUES ('552', '10402', 'P023', '60');
INSERT INTO `orddetails` VALUES ('553', '10621', 'P023', '10');
INSERT INTO `orddetails` VALUES ('554', '10869', 'P023', '50');
INSERT INTO `orddetails` VALUES ('555', '10880', 'P023', '30');
INSERT INTO `orddetails` VALUES ('556', '10845', 'P023', '70');
INSERT INTO `orddetails` VALUES ('557', '10748', 'P023', '44');
INSERT INTO `orddetails` VALUES ('558', '10543', 'P023', '70');
INSERT INTO `orddetails` VALUES ('559', '10462', 'P023', '21');
INSERT INTO `orddetails` VALUES ('560', '10670', 'P023', '32');
INSERT INTO `orddetails` VALUES ('561', '10337', 'P023', '40');
INSERT INTO `orddetails` VALUES ('562', '10674', 'P023', '5');
INSERT INTO `orddetails` VALUES ('563', '10470', 'P023', '15');
INSERT INTO `orddetails` VALUES ('564', '11077', 'P023', '2');
INSERT INTO `orddetails` VALUES ('565', '10811', 'P023', '18');
INSERT INTO `orddetails` VALUES ('566', '10554', 'P023', '20');
INSERT INTO `orddetails` VALUES ('567', '11013', 'P023', '10');
INSERT INTO `orddetails` VALUES ('568', '10935', 'P023', '8');
INSERT INTO `orddetails` VALUES ('569', '10348', 'P023', '25');
INSERT INTO `orddetails` VALUES ('570', '10883', 'P024', '8');
INSERT INTO `orddetails` VALUES ('571', '10885', 'P024', '12');
INSERT INTO `orddetails` VALUES ('572', '10895', 'P024', '110');
INSERT INTO `orddetails` VALUES ('573', '10704', 'P024', '35');
INSERT INTO `orddetails` VALUES ('574', '10695', 'P024', '20');
INSERT INTO `orddetails` VALUES ('575', '10648', 'P024', '15');
INSERT INTO `orddetails` VALUES ('576', '10893', 'P024', '10');
INSERT INTO `orddetails` VALUES ('577', '10358', 'P024', '10');
INSERT INTO `orddetails` VALUES ('578', '10984', 'P024', '20');
INSERT INTO `orddetails` VALUES ('579', '10498', 'P024', '14');
INSERT INTO `orddetails` VALUES ('580', '10799', 'P024', '20');
INSERT INTO `orddetails` VALUES ('581', '10472', 'P024', '80');
INSERT INTO `orddetails` VALUES ('582', '10998', 'P024', '12');
INSERT INTO `orddetails` VALUES ('583', '10922', 'P024', '35');
INSERT INTO `orddetails` VALUES ('584', '10465', 'P024', '25');
INSERT INTO `orddetails` VALUES ('585', '10446', 'P024', '20');
INSERT INTO `orddetails` VALUES ('586', '11009', 'P024', '12');
INSERT INTO `orddetails` VALUES ('587', '11010', 'P024', '10');
INSERT INTO `orddetails` VALUES ('588', '10387', 'P024', '15');
INSERT INTO `orddetails` VALUES ('589', '11027', 'P024', '30');
INSERT INTO `orddetails` VALUES ('590', '10512', 'P024', '10');
INSERT INTO `orddetails` VALUES ('591', '11031', 'P024', '21');
INSERT INTO `orddetails` VALUES ('592', '10467', 'P024', '28');
INSERT INTO `orddetails` VALUES ('593', '10355', 'P024', '25');
INSERT INTO `orddetails` VALUES ('594', '10352', 'P024', '10');
INSERT INTO `orddetails` VALUES ('595', '11051', 'P024', '10');
INSERT INTO `orddetails` VALUES ('596', '11055', 'P024', '15');
INSERT INTO `orddetails` VALUES ('597', '10293', 'P024', '10');
INSERT INTO `orddetails` VALUES ('598', '10290', 'P024', '15');
INSERT INTO `orddetails` VALUES ('599', '10281', 'P024', '6');
INSERT INTO `orddetails` VALUES ('600', '10280', 'P024', '12');
INSERT INTO `orddetails` VALUES ('601', '10275', 'P024', '12');
INSERT INTO `orddetails` VALUES ('602', '11073', 'P024', '20');
INSERT INTO `orddetails` VALUES ('603', '10263', 'P024', '28');
INSERT INTO `orddetails` VALUES ('604', '10254', 'P024', '15');
INSERT INTO `orddetails` VALUES ('605', '10386', 'P024', '15');
INSERT INTO `orddetails` VALUES ('606', '10555', 'P024', '18');
INSERT INTO `orddetails` VALUES ('607', '10866', 'P024', '6');
INSERT INTO `orddetails` VALUES ('608', '10597', 'P024', '35');
INSERT INTO `orddetails` VALUES ('609', '10763', 'P024', '20');
INSERT INTO `orddetails` VALUES ('610', '10620', 'P024', '5');
INSERT INTO `orddetails` VALUES ('611', '10946', 'P024', '25');
INSERT INTO `orddetails` VALUES ('612', '11000', 'P024', '30');
INSERT INTO `orddetails` VALUES ('613', '10623', 'P024', '3');
INSERT INTO `orddetails` VALUES ('614', '10960', 'P024', '10');
INSERT INTO `orddetails` VALUES ('615', '10541', 'P024', '35');
INSERT INTO `orddetails` VALUES ('616', '10968', 'P024', '30');
INSERT INTO `orddetails` VALUES ('617', '10979', 'P024', '80');
INSERT INTO `orddetails` VALUES ('618', '10859', 'P024', '40');
INSERT INTO `orddetails` VALUES ('619', '10518', 'P024', '5');
INSERT INTO `orddetails` VALUES ('620', '10520', 'P024', '8');
INSERT INTO `orddetails` VALUES ('621', '10565', 'P024', '25');
INSERT INTO `orddetails` VALUES ('622', '10492', 'P025', '60');
INSERT INTO `orddetails` VALUES ('623', '10761', 'P025', '35');
INSERT INTO `orddetails` VALUES ('624', '10506', 'P025', '18');
INSERT INTO `orddetails` VALUES ('625', '10760', 'P025', '12');
INSERT INTO `orddetails` VALUES ('626', '10919', 'P025', '24');
INSERT INTO `orddetails` VALUES ('627', '10832', 'P025', '10');
INSERT INTO `orddetails` VALUES ('628', '10803', 'P025', '15');
INSERT INTO `orddetails` VALUES ('629', '10850', 'P025', '20');
INSERT INTO `orddetails` VALUES ('630', '11055', 'P025', '15');
INSERT INTO `orddetails` VALUES ('631', '10323', 'P025', '4');
INSERT INTO `orddetails` VALUES ('632', '10362', 'P025', '50');
INSERT INTO `orddetails` VALUES ('633', '10851', 'P025', '10');
INSERT INTO `orddetails` VALUES ('634', '10347', 'P025', '10');
INSERT INTO `orddetails` VALUES ('635', '10467', 'P025', '12');
INSERT INTO `orddetails` VALUES ('636', '10887', 'P025', '5');
INSERT INTO `orddetails` VALUES ('637', '10393', 'P025', '7');
INSERT INTO `orddetails` VALUES ('638', '10810', 'P025', '5');
INSERT INTO `orddetails` VALUES ('639', '10840', 'P025', '6');
INSERT INTO `orddetails` VALUES ('640', '10677', 'P026', '30');
INSERT INTO `orddetails` VALUES ('641', '10857', 'P026', '35');
INSERT INTO `orddetails` VALUES ('642', '10540', 'P026', '40');
INSERT INTO `orddetails` VALUES ('643', '10817', 'P026', '40');
INSERT INTO `orddetails` VALUES ('644', '11021', 'P026', '63');
INSERT INTO `orddetails` VALUES ('645', '10592', 'P026', '5');
INSERT INTO `orddetails` VALUES ('646', '10444', 'P026', '15');
INSERT INTO `orddetails` VALUES ('647', '10686', 'P026', '15');
INSERT INTO `orddetails` VALUES ('648', '10713', 'P026', '30');
INSERT INTO `orddetails` VALUES ('649', '10487', 'P026', '30');
INSERT INTO `orddetails` VALUES ('650', '10849', 'P026', '18');
INSERT INTO `orddetails` VALUES ('651', '11004', 'P026', '6');
INSERT INTO `orddetails` VALUES ('652', '10393', 'P026', '70');
INSERT INTO `orddetails` VALUES ('653', '10448', 'P026', '6');
INSERT INTO `orddetails` VALUES ('654', '11024', 'P026', '12');
INSERT INTO `orddetails` VALUES ('655', '10330', 'P026', '50');
INSERT INTO `orddetails` VALUES ('656', '10723', 'P026', '15');
INSERT INTO `orddetails` VALUES ('657', '10825', 'P026', '12');
INSERT INTO `orddetails` VALUES ('658', '10458', 'P026', '30');
INSERT INTO `orddetails` VALUES ('659', '10421', 'P026', '30');
INSERT INTO `orddetails` VALUES ('660', '10404', 'P026', '30');
INSERT INTO `orddetails` VALUES ('661', '10422', 'P026', '2');
INSERT INTO `orddetails` VALUES ('662', '10758', 'P026', '20');
INSERT INTO `orddetails` VALUES ('663', '10633', 'P026', '35');
INSERT INTO `orddetails` VALUES ('664', '10432', 'P026', '10');
INSERT INTO `orddetails` VALUES ('665', '10587', 'P026', '6');
INSERT INTO `orddetails` VALUES ('666', '10751', 'P026', '12');
INSERT INTO `orddetails` VALUES ('667', '10868', 'P026', '20');
INSERT INTO `orddetails` VALUES ('668', '10973', 'P026', '5');
INSERT INTO `orddetails` VALUES ('669', '10357', 'P026', '16');
INSERT INTO `orddetails` VALUES ('670', '10337', 'P026', '24');
INSERT INTO `orddetails` VALUES ('671', '10796', 'P026', '21');
INSERT INTO `orddetails` VALUES ('672', '10598', 'P027', '50');
INSERT INTO `orddetails` VALUES ('673', '10760', 'P027', '40');
INSERT INTO `orddetails` VALUES ('674', '10930', 'P027', '25');
INSERT INTO `orddetails` VALUES ('675', '10858', 'P027', '10');
INSERT INTO `orddetails` VALUES ('676', '10515', 'P027', '120');
INSERT INTO `orddetails` VALUES ('677', '10979', 'P027', '30');
INSERT INTO `orddetails` VALUES ('678', '10257', 'P027', '25');
INSERT INTO `orddetails` VALUES ('679', '10284', 'P027', '15');
INSERT INTO `orddetails` VALUES ('680', '10441', 'P027', '50');
INSERT INTO `orddetails` VALUES ('681', '10499', 'P028', '20');
INSERT INTO `orddetails` VALUES ('682', '10649', 'P028', '20');
INSERT INTO `orddetails` VALUES ('683', '10377', 'P028', '20');
INSERT INTO `orddetails` VALUES ('684', '10643', 'P028', '15');
INSERT INTO `orddetails` VALUES ('685', '11039', 'P028', '20');
INSERT INTO `orddetails` VALUES ('686', '10458', 'P028', '30');
INSERT INTO `orddetails` VALUES ('687', '10360', 'P028', '30');
INSERT INTO `orddetails` VALUES ('688', '10952', 'P028', '2');
INSERT INTO `orddetails` VALUES ('689', '10500', 'P028', '8');
INSERT INTO `orddetails` VALUES ('690', '10474', 'P028', '18');
INSERT INTO `orddetails` VALUES ('691', '10873', 'P028', '3');
INSERT INTO `orddetails` VALUES ('692', '10733', 'P028', '20');
INSERT INTO `orddetails` VALUES ('693', '10544', 'P028', '7');
INSERT INTO `orddetails` VALUES ('694', '10937', 'P028', '8');
INSERT INTO `orddetails` VALUES ('695', '10976', 'P028', '20');
INSERT INTO `orddetails` VALUES ('696', '10387', 'P028', '6');
INSERT INTO `orddetails` VALUES ('697', '10624', 'P028', '10');
INSERT INTO `orddetails` VALUES ('698', '10740', 'P028', '5');
INSERT INTO `orddetails` VALUES ('699', '10688', 'P028', '60');
INSERT INTO `orddetails` VALUES ('700', '10368', 'P028', '13');
INSERT INTO `orddetails` VALUES ('701', '11008', 'P028', '70');
INSERT INTO `orddetails` VALUES ('702', '10924', 'P028', '30');
INSERT INTO `orddetails` VALUES ('703', '10443', 'P028', '12');
INSERT INTO `orddetails` VALUES ('704', '10406', 'P028', '42');
INSERT INTO `orddetails` VALUES ('705', '10509', 'P028', '3');
INSERT INTO `orddetails` VALUES ('706', '10452', 'P028', '15');
INSERT INTO `orddetails` VALUES ('707', '10514', 'P028', '35');
INSERT INTO `orddetails` VALUES ('708', '10312', 'P028', '4');
INSERT INTO `orddetails` VALUES ('709', '10319', 'P028', '14');
INSERT INTO `orddetails` VALUES ('710', '10277', 'P028', '20');
INSERT INTO `orddetails` VALUES ('711', '10804', 'P028', '24');
INSERT INTO `orddetails` VALUES ('712', '10302', 'P028', '28');
INSERT INTO `orddetails` VALUES ('713', '11068', 'P028', '8');
INSERT INTO `orddetails` VALUES ('714', '10476', 'P029', '2');
INSERT INTO `orddetails` VALUES ('715', '11030', 'P029', '60');
INSERT INTO `orddetails` VALUES ('716', '10707', 'P029', '21');
INSERT INTO `orddetails` VALUES ('717', '10356', 'P029', '12');
INSERT INTO `orddetails` VALUES ('718', '10857', 'P029', '10');
INSERT INTO `orddetails` VALUES ('719', '10802', 'P029', '60');
INSERT INTO `orddetails` VALUES ('720', '11007', 'P029', '10');
INSERT INTO `orddetails` VALUES ('721', '10630', 'P029', '12');
INSERT INTO `orddetails` VALUES ('722', '10382', 'P029', '14');
INSERT INTO `orddetails` VALUES ('723', '10993', 'P029', '50');
INSERT INTO `orddetails` VALUES ('724', '10280', 'P029', '20');
INSERT INTO `orddetails` VALUES ('725', '10360', 'P029', '35');
INSERT INTO `orddetails` VALUES ('726', '10912', 'P029', '60');
INSERT INTO `orddetails` VALUES ('727', '10872', 'P029', '10');
INSERT INTO `orddetails` VALUES ('728', '10791', 'P029', '14');
INSERT INTO `orddetails` VALUES ('729', '10354', 'P029', '4');
INSERT INTO `orddetails` VALUES ('730', '10893', 'P029', '24');
INSERT INTO `orddetails` VALUES ('731', '10268', 'P029', '10');
INSERT INTO `orddetails` VALUES ('732', '10725', 'P029', '6');
INSERT INTO `orddetails` VALUES ('733', '10624', 'P029', '6');
INSERT INTO `orddetails` VALUES ('734', '10369', 'P029', '20');
INSERT INTO `orddetails` VALUES ('735', '10629', 'P029', '20');
INSERT INTO `orddetails` VALUES ('736', '10389', 'P029', '15');
INSERT INTO `orddetails` VALUES ('737', '10305', 'P029', '25');
INSERT INTO `orddetails` VALUES ('738', '10728', 'P029', '12');
INSERT INTO `orddetails` VALUES ('739', '10930', 'P029', '25');
INSERT INTO `orddetails` VALUES ('740', '10971', 'P029', '14');
INSERT INTO `orddetails` VALUES ('741', '10801', 'P029', '20');
INSERT INTO `orddetails` VALUES ('742', '10529', 'P029', '14');
INSERT INTO `orddetails` VALUES ('743', '10990', 'P029', '65');
INSERT INTO `orddetails` VALUES ('744', '10485', 'P029', '30');
INSERT INTO `orddetails` VALUES ('745', '10510', 'P029', '36');
INSERT INTO `orddetails` VALUES ('746', '10400', 'P029', '21');
INSERT INTO `orddetails` VALUES ('747', '10615', 'P029', '5');
INSERT INTO `orddetails` VALUES ('748', '11028', 'P029', '35');
INSERT INTO `orddetails` VALUES ('749', '10398', 'P029', '120');
INSERT INTO `orddetails` VALUES ('750', '10425', 'P029', '10');
INSERT INTO `orddetails` VALUES ('751', '10698', 'P029', '12');
INSERT INTO `orddetails` VALUES ('752', '10787', 'P029', '20');
INSERT INTO `orddetails` VALUES ('753', '11064', 'P029', '4');
INSERT INTO `orddetails` VALUES ('754', '11002', 'P029', '40');
INSERT INTO `orddetails` VALUES ('755', '11001', 'P029', '6');
INSERT INTO `orddetails` VALUES ('756', '10897', 'P029', '80');
INSERT INTO `orddetails` VALUES ('757', '10583', 'P029', '10');
INSERT INTO `orddetails` VALUES ('758', '10564', 'P029', '25');
INSERT INTO `orddetails` VALUES ('759', '11077', 'P029', '2');
INSERT INTO `orddetails` VALUES ('760', '10451', 'P029', '120');
INSERT INTO `orddetails` VALUES ('761', '10691', 'P029', '40');
INSERT INTO `orddetails` VALUES ('762', '10559', 'P029', '18');
INSERT INTO `orddetails` VALUES ('763', '10465', 'P029', '18');
INSERT INTO `orddetails` VALUES ('764', '10290', 'P029', '15');
INSERT INTO `orddetails` VALUES ('765', '10772', 'P029', '18');
INSERT INTO `orddetails` VALUES ('766', '10687', 'P029', '10');
INSERT INTO `orddetails` VALUES ('767', '11006', 'P029', '2');
INSERT INTO `orddetails` VALUES ('768', '10254', 'P029', '21');
INSERT INTO `orddetails` VALUES ('769', '10668', 'P029', '4');
INSERT INTO `orddetails` VALUES ('770', '10461', 'P029', '60');
INSERT INTO `orddetails` VALUES ('771', '11056', 'P029', '35');
INSERT INTO `orddetails` VALUES ('772', '10666', 'P029', '36');
INSERT INTO `orddetails` VALUES ('773', '10440', 'P029', '24');
INSERT INTO `orddetails` VALUES ('774', '10342', 'P029', '40');
INSERT INTO `orddetails` VALUES ('775', '10606', 'P029', '20');
INSERT INTO `orddetails` VALUES ('776', '10834', 'P029', '8');
INSERT INTO `orddetails` VALUES ('777', '10948', 'P029', '4');
INSERT INTO `orddetails` VALUES ('778', '10902', 'P029', '30');
INSERT INTO `orddetails` VALUES ('779', '10534', 'P030', '10');
INSERT INTO `orddetails` VALUES ('780', '10282', 'P030', '6');
INSERT INTO `orddetails` VALUES ('781', '10306', 'P030', '10');
INSERT INTO `orddetails` VALUES ('782', '10532', 'P030', '15');
INSERT INTO `orddetails` VALUES ('783', '11065', 'P030', '4');
INSERT INTO `orddetails` VALUES ('784', '10560', 'P030', '20');
INSERT INTO `orddetails` VALUES ('785', '10263', 'P030', '60');
INSERT INTO `orddetails` VALUES ('786', '10897', 'P030', '36');
INSERT INTO `orddetails` VALUES ('787', '10524', 'P030', '10');
INSERT INTO `orddetails` VALUES ('788', '10751', 'P030', '30');
INSERT INTO `orddetails` VALUES ('789', '10522', 'P030', '20');
INSERT INTO `orddetails` VALUES ('790', '10866', 'P030', '40');
INSERT INTO `orddetails` VALUES ('791', '10338', 'P030', '15');
INSERT INTO `orddetails` VALUES ('792', '10652', 'P030', '2');
INSERT INTO `orddetails` VALUES ('793', '10650', 'P030', '30');
INSERT INTO `orddetails` VALUES ('794', '10957', 'P030', '30');
INSERT INTO `orddetails` VALUES ('795', '10329', 'P030', '8');
INSERT INTO `orddetails` VALUES ('796', '10893', 'P030', '35');
INSERT INTO `orddetails` VALUES ('797', '10802', 'P030', '25');
INSERT INTO `orddetails` VALUES ('798', '10786', 'P030', '15');
INSERT INTO `orddetails` VALUES ('799', '10834', 'P030', '20');
INSERT INTO `orddetails` VALUES ('800', '10461', 'P030', '28');
INSERT INTO `orddetails` VALUES ('801', '10728', 'P030', '15');
INSERT INTO `orddetails` VALUES ('802', '10719', 'P030', '3');
INSERT INTO `orddetails` VALUES ('803', '10401', 'P030', '18');
INSERT INTO `orddetails` VALUES ('804', '10380', 'P030', '18');
INSERT INTO `orddetails` VALUES ('805', '10891', 'P030', '15');
INSERT INTO `orddetails` VALUES ('806', '11015', 'P030', '15');
INSERT INTO `orddetails` VALUES ('807', '10734', 'P030', '15');
INSERT INTO `orddetails` VALUES ('808', '10468', 'P030', '8');
INSERT INTO `orddetails` VALUES ('809', '10917', 'P030', '1');
INSERT INTO `orddetails` VALUES ('810', '10327', 'P030', '35');
INSERT INTO `orddetails` VALUES ('811', '10273', 'P031', '15');
INSERT INTO `orddetails` VALUES ('812', '10659', 'P031', '20');
INSERT INTO `orddetails` VALUES ('813', '10812', 'P031', '16');
INSERT INTO `orddetails` VALUES ('814', '11070', 'P031', '20');
INSERT INTO `orddetails` VALUES ('815', '10668', 'P031', '8');
INSERT INTO `orddetails` VALUES ('816', '10272', 'P031', '40');
INSERT INTO `orddetails` VALUES ('817', '10826', 'P031', '35');
INSERT INTO `orddetails` VALUES ('818', '10475', 'P031', '35');
INSERT INTO `orddetails` VALUES ('819', '10979', 'P031', '24');
INSERT INTO `orddetails` VALUES ('820', '10446', 'P031', '3');
INSERT INTO `orddetails` VALUES ('821', '10496', 'P031', '20');
INSERT INTO `orddetails` VALUES ('822', '10680', 'P031', '20');
INSERT INTO `orddetails` VALUES ('823', '10855', 'P031', '14');
INSERT INTO `orddetails` VALUES ('824', '10549', 'P031', '55');
INSERT INTO `orddetails` VALUES ('825', '10325', 'P031', '4');
INSERT INTO `orddetails` VALUES ('826', '10782', 'P031', '1');
INSERT INTO `orddetails` VALUES ('827', '10374', 'P031', '30');
INSERT INTO `orddetails` VALUES ('828', '10953', 'P031', '50');
INSERT INTO `orddetails` VALUES ('829', '10774', 'P031', '2');
INSERT INTO `orddetails` VALUES ('830', '10376', 'P031', '42');
INSERT INTO `orddetails` VALUES ('831', '10833', 'P031', '9');
INSERT INTO `orddetails` VALUES ('832', '10776', 'P031', '16');
INSERT INTO `orddetails` VALUES ('833', '10576', 'P031', '20');
INSERT INTO `orddetails` VALUES ('834', '10393', 'P031', '32');
INSERT INTO `orddetails` VALUES ('835', '10335', 'P031', '25');
INSERT INTO `orddetails` VALUES ('836', '10886', 'P031', '35');
INSERT INTO `orddetails` VALUES ('837', '10730', 'P031', '3');
INSERT INTO `orddetails` VALUES ('838', '10941', 'P031', '44');
INSERT INTO `orddetails` VALUES ('839', '10553', 'P031', '30');
INSERT INTO `orddetails` VALUES ('840', '10722', 'P031', '50');
INSERT INTO `orddetails` VALUES ('841', '10954', 'P031', '25');
INSERT INTO `orddetails` VALUES ('842', '10569', 'P031', '35');
INSERT INTO `orddetails` VALUES ('843', '10390', 'P031', '60');
INSERT INTO `orddetails` VALUES ('844', '10253', 'P031', '20');
INSERT INTO `orddetails` VALUES ('845', '10783', 'P031', '10');
INSERT INTO `orddetails` VALUES ('846', '10768', 'P031', '50');
INSERT INTO `orddetails` VALUES ('847', '10363', 'P031', '20');
INSERT INTO `orddetails` VALUES ('848', '10564', 'P031', '6');
INSERT INTO `orddetails` VALUES ('849', '11016', 'P031', '15');
INSERT INTO `orddetails` VALUES ('850', '10747', 'P031', '8');
INSERT INTO `orddetails` VALUES ('851', '10945', 'P031', '10');
INSERT INTO `orddetails` VALUES ('852', '10423', 'P031', '14');
INSERT INTO `orddetails` VALUES ('853', '10342', 'P031', '56');
INSERT INTO `orddetails` VALUES ('854', '10567', 'P031', '60');
INSERT INTO `orddetails` VALUES ('855', '10536', 'P031', '20');
INSERT INTO `orddetails` VALUES ('856', '10705', 'P031', '20');
INSERT INTO `orddetails` VALUES ('857', '10584', 'P031', '50');
INSERT INTO `orddetails` VALUES ('858', '10537', 'P031', '30');
INSERT INTO `orddetails` VALUES ('859', '10359', 'P031', '70');
INSERT INTO `orddetails` VALUES ('860', '10356', 'P031', '30');
INSERT INTO `orddetails` VALUES ('861', '10773', 'P031', '70');
INSERT INTO `orddetails` VALUES ('862', '10547', 'P032', '24');
INSERT INTO `orddetails` VALUES ('863', '10314', 'P032', '40');
INSERT INTO `orddetails` VALUES ('864', '10997', 'P032', '50');
INSERT INTO `orddetails` VALUES ('865', '10916', 'P032', '6');
INSERT INTO `orddetails` VALUES ('866', '10513', 'P032', '50');
INSERT INTO `orddetails` VALUES ('867', '10705', 'P032', '4');
INSERT INTO `orddetails` VALUES ('868', '10258', 'P032', '6');
INSERT INTO `orddetails` VALUES ('869', '10572', 'P032', '10');
INSERT INTO `orddetails` VALUES ('870', '10335', 'P032', '6');
INSERT INTO `orddetails` VALUES ('871', '11046', 'P032', '15');
INSERT INTO `orddetails` VALUES ('872', '10985', 'P032', '35');
INSERT INTO `orddetails` VALUES ('873', '11053', 'P032', '20');
INSERT INTO `orddetails` VALUES ('874', '10759', 'P032', '10');
INSERT INTO `orddetails` VALUES ('875', '10818', 'P032', '20');
INSERT INTO `orddetails` VALUES ('876', '11077', 'P032', '1');
INSERT INTO `orddetails` VALUES ('877', '10473', 'P033', '12');
INSERT INTO `orddetails` VALUES ('878', '10607', 'P033', '14');
INSERT INTO `orddetails` VALUES ('879', '10682', 'P033', '30');
INSERT INTO `orddetails` VALUES ('880', '10252', 'P033', '25');
INSERT INTO `orddetails` VALUES ('881', '10632', 'P033', '20');
INSERT INTO `orddetails` VALUES ('882', '10861', 'P033', '35');
INSERT INTO `orddetails` VALUES ('883', '10951', 'P033', '15');
INSERT INTO `orddetails` VALUES ('884', '10454', 'P033', '20');
INSERT INTO `orddetails` VALUES ('885', '10273', 'P033', '20');
INSERT INTO `orddetails` VALUES ('886', '10574', 'P033', '14');
INSERT INTO `orddetails` VALUES ('887', '10913', 'P033', '40');
INSERT INTO `orddetails` VALUES ('888', '10271', 'P033', '24');
INSERT INTO `orddetails` VALUES ('889', '10815', 'P033', '16');
INSERT INTO `orddetails` VALUES ('890', '10562', 'P033', '20');
INSERT INTO `orddetails` VALUES ('891', '11045', 'P033', '15');
INSERT INTO `orddetails` VALUES ('892', '10850', 'P033', '4');
INSERT INTO `orddetails` VALUES ('893', '10382', 'P033', '60');
INSERT INTO `orddetails` VALUES ('894', '10415', 'P033', '20');
INSERT INTO `orddetails` VALUES ('895', '10341', 'P033', '8');
INSERT INTO `orddetails` VALUES ('896', '10678', 'P033', '30');
INSERT INTO `orddetails` VALUES ('897', '10915', 'P033', '30');
INSERT INTO `orddetails` VALUES ('898', '10677', 'P033', '8');
INSERT INTO `orddetails` VALUES ('899', '10515', 'P033', '16');
INSERT INTO `orddetails` VALUES ('900', '10528', 'P033', '8');
INSERT INTO `orddetails` VALUES ('901', '10414', 'P033', '50');
INSERT INTO `orddetails` VALUES ('902', '10972', 'P033', '7');
INSERT INTO `orddetails` VALUES ('903', '10269', 'P033', '60');
INSERT INTO `orddetails` VALUES ('904', '11054', 'P033', '10');
INSERT INTO `orddetails` VALUES ('905', '11024', 'P033', '30');
INSERT INTO `orddetails` VALUES ('906', '10536', 'P033', '30');
INSERT INTO `orddetails` VALUES ('907', '10539', 'P033', '15');
INSERT INTO `orddetails` VALUES ('908', '10410', 'P033', '49');
INSERT INTO `orddetails` VALUES ('909', '11008', 'P034', '90');
INSERT INTO `orddetails` VALUES ('910', '10688', 'P034', '14');
INSERT INTO `orddetails` VALUES ('911', '10367', 'P034', '36');
INSERT INTO `orddetails` VALUES ('912', '10757', 'P034', '30');
INSERT INTO `orddetails` VALUES ('913', '10315', 'P034', '14');
INSERT INTO `orddetails` VALUES ('914', '10386', 'P034', '10');
INSERT INTO `orddetails` VALUES ('915', '10358', 'P034', '10');
INSERT INTO `orddetails` VALUES ('916', '10937', 'P034', '20');
INSERT INTO `orddetails` VALUES ('917', '10805', 'P034', '10');
INSERT INTO `orddetails` VALUES ('918', '10483', 'P034', '35');
INSERT INTO `orddetails` VALUES ('919', '11063', 'P034', '30');
INSERT INTO `orddetails` VALUES ('920', '11066', 'P034', '35');
INSERT INTO `orddetails` VALUES ('921', '10573', 'P034', '40');
INSERT INTO `orddetails` VALUES ('922', '10700', 'P034', '12');
INSERT INTO `orddetails` VALUES ('923', '10890', 'P034', '10');
INSERT INTO `orddetails` VALUES ('924', '10287', 'P034', '20');
INSERT INTO `orddetails` VALUES ('925', '10990', 'P034', '60');
INSERT INTO `orddetails` VALUES ('926', '10548', 'P034', '10');
INSERT INTO `orddetails` VALUES ('927', '10438', 'P034', '20');
INSERT INTO `orddetails` VALUES ('928', '10831', 'P035', '8');
INSERT INTO `orddetails` VALUES ('929', '10845', 'P035', '25');
INSERT INTO `orddetails` VALUES ('930', '10836', 'P035', '6');
INSERT INTO `orddetails` VALUES ('931', '10868', 'P035', '30');
INSERT INTO `orddetails` VALUES ('932', '10870', 'P035', '3');
INSERT INTO `orddetails` VALUES ('933', '10864', 'P035', '4');
INSERT INTO `orddetails` VALUES ('934', '10740', 'P035', '35');
INSERT INTO `orddetails` VALUES ('935', '10789', 'P035', '15');
INSERT INTO `orddetails` VALUES ('936', '10821', 'P035', '20');
INSERT INTO `orddetails` VALUES ('937', '10595', 'P035', '30');
INSERT INTO `orddetails` VALUES ('938', '10398', 'P035', '30');
INSERT INTO `orddetails` VALUES ('939', '10400', 'P035', '35');
INSERT INTO `orddetails` VALUES ('940', '10521', 'P035', '3');
INSERT INTO `orddetails` VALUES ('941', '10424', 'P035', '60');
INSERT INTO `orddetails` VALUES ('942', '10957', 'P035', '40');
INSERT INTO `orddetails` VALUES ('943', '10444', 'P035', '8');
INSERT INTO `orddetails` VALUES ('944', '10390', 'P035', '40');
INSERT INTO `orddetails` VALUES ('945', '11002', 'P035', '15');
INSERT INTO `orddetails` VALUES ('946', '10921', 'P035', '10');
INSERT INTO `orddetails` VALUES ('947', '10546', 'P035', '30');
INSERT INTO `orddetails` VALUES ('948', '10589', 'P035', '4');
INSERT INTO `orddetails` VALUES ('949', '10587', 'P035', '20');
INSERT INTO `orddetails` VALUES ('950', '10551', 'P035', '20');
INSERT INTO `orddetails` VALUES ('951', '10578', 'P035', '20');
INSERT INTO `orddetails` VALUES ('952', '10553', 'P035', '6');
INSERT INTO `orddetails` VALUES ('953', '10623', 'P035', '30');
INSERT INTO `orddetails` VALUES ('954', '10281', 'P035', '4');
INSERT INTO `orddetails` VALUES ('955', '10321', 'P035', '10');
INSERT INTO `orddetails` VALUES ('956', '10324', 'P035', '70');
INSERT INTO `orddetails` VALUES ('957', '10286', 'P035', '100');
INSERT INTO `orddetails` VALUES ('958', '11046', 'P035', '18');
INSERT INTO `orddetails` VALUES ('959', '10261', 'P035', '20');
INSERT INTO `orddetails` VALUES ('960', '11039', 'P035', '24');
INSERT INTO `orddetails` VALUES ('961', '11035', 'P035', '60');
INSERT INTO `orddetails` VALUES ('962', '10720', 'P035', '21');
INSERT INTO `orddetails` VALUES ('963', '10697', 'P035', '9');
INSERT INTO `orddetails` VALUES ('964', '10936', 'P036', '30');
INSERT INTO `orddetails` VALUES ('965', '10525', 'P036', '30');
INSERT INTO `orddetails` VALUES ('966', '10527', 'P036', '30');
INSERT INTO `orddetails` VALUES ('967', '10645', 'P036', '15');
INSERT INTO `orddetails` VALUES ('968', '10358', 'P036', '20');
INSERT INTO `orddetails` VALUES ('969', '10406', 'P036', '5');
INSERT INTO `orddetails` VALUES ('970', '10270', 'P036', '30');
INSERT INTO `orddetails` VALUES ('971', '10756', 'P036', '20');
INSERT INTO `orddetails` VALUES ('972', '10612', 'P036', '55');
INSERT INTO `orddetails` VALUES ('973', '10255', 'P036', '25');
INSERT INTO `orddetails` VALUES ('974', '11009', 'P036', '18');
INSERT INTO `orddetails` VALUES ('975', '10610', 'P036', '21');
INSERT INTO `orddetails` VALUES ('976', '10708', 'P036', '5');
INSERT INTO `orddetails` VALUES ('977', '10298', 'P036', '40');
INSERT INTO `orddetails` VALUES ('978', '11016', 'P036', '16');
INSERT INTO `orddetails` VALUES ('979', '10547', 'P036', '60');
INSERT INTO `orddetails` VALUES ('980', '10342', 'P036', '40');
INSERT INTO `orddetails` VALUES ('981', '10337', 'P036', '20');
INSERT INTO `orddetails` VALUES ('982', '10669', 'P036', '30');
INSERT INTO `orddetails` VALUES ('983', '10718', 'P036', '40');
INSERT INTO `orddetails` VALUES ('984', '10563', 'P036', '25');
INSERT INTO `orddetails` VALUES ('985', '10313', 'P036', '12');
INSERT INTO `orddetails` VALUES ('986', '10784', 'P036', '30');
INSERT INTO `orddetails` VALUES ('987', '11032', 'P036', '35');
INSERT INTO `orddetails` VALUES ('988', '10893', 'P036', '20');
INSERT INTO `orddetails` VALUES ('989', '10371', 'P036', '6');
INSERT INTO `orddetails` VALUES ('990', '10739', 'P036', '6');
INSERT INTO `orddetails` VALUES ('991', '10984', 'P036', '40');
INSERT INTO `orddetails` VALUES ('992', '10838', 'P036', '50');
INSERT INTO `orddetails` VALUES ('993', '10687', 'P036', '6');
INSERT INTO `orddetails` VALUES ('994', '10925', 'P036', '25');
INSERT INTO `orddetails` VALUES ('995', '10847', 'P037', '60');
INSERT INTO `orddetails` VALUES ('996', '10337', 'P037', '28');
INSERT INTO `orddetails` VALUES ('997', '10259', 'P037', '1');
INSERT INTO `orddetails` VALUES ('998', '10523', 'P037', '18');
INSERT INTO `orddetails` VALUES ('999', '10966', 'P037', '8');
INSERT INTO `orddetails` VALUES ('1000', '10408', 'P037', '10');
INSERT INTO `orddetails` VALUES ('1001', '10479', 'P038', '30');
INSERT INTO `orddetails` VALUES ('1002', '10424', 'P038', '49');
INSERT INTO `orddetails` VALUES ('1003', '10360', 'P038', '10');
INSERT INTO `orddetails` VALUES ('1004', '10616', 'P038', '15');
INSERT INTO `orddetails` VALUES ('1005', '10964', 'P038', '5');
INSERT INTO `orddetails` VALUES ('1006', '10817', 'P038', '30');
INSERT INTO `orddetails` VALUES ('1007', '10417', 'P038', '50');
INSERT INTO `orddetails` VALUES ('1008', '10353', 'P038', '50');
INSERT INTO `orddetails` VALUES ('1009', '11032', 'P038', '25');
INSERT INTO `orddetails` VALUES ('1010', '10805', 'P038', '10');
INSERT INTO `orddetails` VALUES ('1011', '10540', 'P038', '30');
INSERT INTO `orddetails` VALUES ('1012', '10541', 'P038', '4');
INSERT INTO `orddetails` VALUES ('1013', '10865', 'P038', '60');
INSERT INTO `orddetails` VALUES ('1014', '10831', 'P038', '8');
INSERT INTO `orddetails` VALUES ('1015', '10816', 'P038', '30');
INSERT INTO `orddetails` VALUES ('1016', '10783', 'P038', '5');
INSERT INTO `orddetails` VALUES ('1017', '10889', 'P038', '40');
INSERT INTO `orddetails` VALUES ('1018', '10329', 'P038', '20');
INSERT INTO `orddetails` VALUES ('1019', '10372', 'P038', '40');
INSERT INTO `orddetails` VALUES ('1020', '10981', 'P038', '60');
INSERT INTO `orddetails` VALUES ('1021', '10828', 'P038', '2');
INSERT INTO `orddetails` VALUES ('1022', '10672', 'P038', '15');
INSERT INTO `orddetails` VALUES ('1023', '10518', 'P038', '15');
INSERT INTO `orddetails` VALUES ('1024', '10351', 'P038', '20');
INSERT INTO `orddetails` VALUES ('1025', '10647', 'P039', '20');
INSERT INTO `orddetails` VALUES ('1026', '10577', 'P039', '10');
INSERT INTO `orddetails` VALUES ('1027', '10643', 'P039', '21');
INSERT INTO `orddetails` VALUES ('1028', '10840', 'P039', '10');
INSERT INTO `orddetails` VALUES ('1029', '11069', 'P039', '20');
INSERT INTO `orddetails` VALUES ('1030', '10508', 'P039', '10');
INSERT INTO `orddetails` VALUES ('1031', '11077', 'P039', '2');
INSERT INTO `orddetails` VALUES ('1032', '10257', 'P039', '6');
INSERT INTO `orddetails` VALUES ('1033', '10830', 'P039', '28');
INSERT INTO `orddetails` VALUES ('1034', '10614', 'P039', '5');
INSERT INTO `orddetails` VALUES ('1035', '10827', 'P039', '21');
INSERT INTO `orddetails` VALUES ('1036', '10977', 'P039', '30');
INSERT INTO `orddetails` VALUES ('1037', '10253', 'P039', '42');
INSERT INTO `orddetails` VALUES ('1038', '10661', 'P039', '3');
INSERT INTO `orddetails` VALUES ('1039', '10445', 'P039', '6');
INSERT INTO `orddetails` VALUES ('1040', '10305', 'P039', '30');
INSERT INTO `orddetails` VALUES ('1041', '10455', 'P039', '20');
INSERT INTO `orddetails` VALUES ('1042', '10899', 'P039', '8');
INSERT INTO `orddetails` VALUES ('1043', '10297', 'P039', '60');
INSERT INTO `orddetails` VALUES ('1044', '10323', 'P039', '4');
INSERT INTO `orddetails` VALUES ('1045', '10895', 'P039', '45');
INSERT INTO `orddetails` VALUES ('1046', '10784', 'P039', '2');
INSERT INTO `orddetails` VALUES ('1047', '10377', 'P039', '20');
INSERT INTO `orddetails` VALUES ('1048', '10477', 'P039', '20');
INSERT INTO `orddetails` VALUES ('1049', '10361', 'P039', '54');
INSERT INTO `orddetails` VALUES ('1050', '10764', 'P039', '130');
INSERT INTO `orddetails` VALUES ('1051', '10865', 'P039', '80');
INSERT INTO `orddetails` VALUES ('1052', '10347', 'P039', '50');
INSERT INTO `orddetails` VALUES ('1053', '10762', 'P039', '16');
INSERT INTO `orddetails` VALUES ('1054', '10654', 'P039', '20');
INSERT INTO `orddetails` VALUES ('1055', '10728', 'P040', '6');
INSERT INTO `orddetails` VALUES ('1056', '10267', 'P040', '50');
INSERT INTO `orddetails` VALUES ('1057', '10879', 'P040', '12');
INSERT INTO `orddetails` VALUES ('1058', '10482', 'P040', '10');
INSERT INTO `orddetails` VALUES ('1059', '10273', 'P040', '60');
INSERT INTO `orddetails` VALUES ('1060', '10744', 'P040', '50');
INSERT INTO `orddetails` VALUES ('1061', '10303', 'P040', '40');
INSERT INTO `orddetails` VALUES ('1062', '10919', 'P040', '20');
INSERT INTO `orddetails` VALUES ('1063', '10498', 'P040', '5');
INSERT INTO `orddetails` VALUES ('1064', '10748', 'P040', '40');
INSERT INTO `orddetails` VALUES ('1065', '10525', 'P040', '15');
INSERT INTO `orddetails` VALUES ('1066', '10641', 'P040', '60');
INSERT INTO `orddetails` VALUES ('1067', '10484', 'P040', '10');
INSERT INTO `orddetails` VALUES ('1068', '10522', 'P040', '25');
INSERT INTO `orddetails` VALUES ('1069', '10978', 'P040', '10');
INSERT INTO `orddetails` VALUES ('1070', '10572', 'P040', '50');
INSERT INTO `orddetails` VALUES ('1071', '10658', 'P040', '70');
INSERT INTO `orddetails` VALUES ('1072', '10607', 'P040', '42');
INSERT INTO `orddetails` VALUES ('1073', '10347', 'P040', '4');
INSERT INTO `orddetails` VALUES ('1074', '10807', 'P040', '1');
INSERT INTO `orddetails` VALUES ('1075', '10659', 'P040', '24');
INSERT INTO `orddetails` VALUES ('1076', '11003', 'P040', '10');
INSERT INTO `orddetails` VALUES ('1077', '10895', 'P040', '91');
INSERT INTO `orddetails` VALUES ('1078', '10465', 'P040', '20');
INSERT INTO `orddetails` VALUES ('1079', '10431', 'P040', '50');
INSERT INTO `orddetails` VALUES ('1080', '11063', 'P040', '40');
INSERT INTO `orddetails` VALUES ('1081', '10663', 'P040', '30');
INSERT INTO `orddetails` VALUES ('1082', '10474', 'P040', '21');
INSERT INTO `orddetails` VALUES ('1083', '10285', 'P040', '40');
INSERT INTO `orddetails` VALUES ('1084', '10837', 'P040', '25');
INSERT INTO `orddetails` VALUES ('1085', '10684', 'P040', '20');
INSERT INTO `orddetails` VALUES ('1086', '10406', 'P040', '2');
INSERT INTO `orddetails` VALUES ('1087', '10534', 'P040', '10');
INSERT INTO `orddetails` VALUES ('1088', '10574', 'P040', '2');
INSERT INTO `orddetails` VALUES ('1089', '10811', 'P040', '30');
INSERT INTO `orddetails` VALUES ('1090', '10448', 'P040', '20');
INSERT INTO `orddetails` VALUES ('1091', '10535', 'P040', '10');
INSERT INTO `orddetails` VALUES ('1092', '10754', 'P040', '3');
INSERT INTO `orddetails` VALUES ('1093', '11038', 'P040', '5');
INSERT INTO `orddetails` VALUES ('1094', '10817', 'P040', '60');
INSERT INTO `orddetails` VALUES ('1095', '10301', 'P040', '10');
INSERT INTO `orddetails` VALUES ('1096', '10711', 'P041', '42');
INSERT INTO `orddetails` VALUES ('1097', '10791', 'P041', '20');
INSERT INTO `orddetails` VALUES ('1098', '11063', 'P041', '30');
INSERT INTO `orddetails` VALUES ('1099', '10890', 'P041', '14');
INSERT INTO `orddetails` VALUES ('1100', '10316', 'P041', '10');
INSERT INTO `orddetails` VALUES ('1101', '10260', 'P041', '16');
INSERT INTO `orddetails` VALUES ('1102', '10521', 'P041', '10');
INSERT INTO `orddetails` VALUES ('1103', '10993', 'P041', '35');
INSERT INTO `orddetails` VALUES ('1104', '10973', 'P041', '6');
INSERT INTO `orddetails` VALUES ('1105', '10657', 'P041', '24');
INSERT INTO `orddetails` VALUES ('1106', '10818', 'P041', '20');
INSERT INTO `orddetails` VALUES ('1107', '10411', 'P041', '25');
INSERT INTO `orddetails` VALUES ('1108', '10655', 'P041', '20');
INSERT INTO `orddetails` VALUES ('1109', '10351', 'P041', '13');
INSERT INTO `orddetails` VALUES ('1110', '10523', 'P041', '6');
INSERT INTO `orddetails` VALUES ('1111', '10793', 'P041', '14');
INSERT INTO `orddetails` VALUES ('1112', '10747', 'P041', '35');
INSERT INTO `orddetails` VALUES ('1113', '10264', 'P041', '25');
INSERT INTO `orddetails` VALUES ('1114', '10379', 'P041', '8');
INSERT INTO `orddetails` VALUES ('1115', '11077', 'P041', '3');
INSERT INTO `orddetails` VALUES ('1116', '11067', 'P041', '9');
INSERT INTO `orddetails` VALUES ('1117', '10340', 'P041', '12');
INSERT INTO `orddetails` VALUES ('1118', '10824', 'P041', '12');
INSERT INTO `orddetails` VALUES ('1119', '10495', 'P041', '20');
INSERT INTO `orddetails` VALUES ('1120', '10909', 'P041', '5');
INSERT INTO `orddetails` VALUES ('1121', '10678', 'P041', '120');
INSERT INTO `orddetails` VALUES ('1122', '10559', 'P041', '12');
INSERT INTO `orddetails` VALUES ('1123', '10901', 'P041', '30');
INSERT INTO `orddetails` VALUES ('1124', '10580', 'P041', '9');
INSERT INTO `orddetails` VALUES ('1125', '10444', 'P041', '30');
INSERT INTO `orddetails` VALUES ('1126', '10725', 'P041', '12');
INSERT INTO `orddetails` VALUES ('1127', '10250', 'P041', '10');
INSERT INTO `orddetails` VALUES ('1128', '10685', 'P041', '4');
INSERT INTO `orddetails` VALUES ('1129', '10951', 'P041', '6');
INSERT INTO `orddetails` VALUES ('1130', '10778', 'P041', '10');
INSERT INTO `orddetails` VALUES ('1131', '10516', 'P041', '80');
INSERT INTO `orddetails` VALUES ('1132', '10548', 'P041', '14');
INSERT INTO `orddetails` VALUES ('1133', '10999', 'P041', '20');
INSERT INTO `orddetails` VALUES ('1134', '11072', 'P041', '40');
INSERT INTO `orddetails` VALUES ('1135', '10814', 'P041', '20');
INSERT INTO `orddetails` VALUES ('1136', '10769', 'P041', '30');
INSERT INTO `orddetails` VALUES ('1137', '10318', 'P041', '20');
INSERT INTO `orddetails` VALUES ('1138', '10989', 'P041', '4');
INSERT INTO `orddetails` VALUES ('1139', '10737', 'P041', '12');
INSERT INTO `orddetails` VALUES ('1140', '10960', 'P041', '24');
INSERT INTO `orddetails` VALUES ('1141', '11064', 'P041', '12');
INSERT INTO `orddetails` VALUES ('1142', '11014', 'P041', '28');
INSERT INTO `orddetails` VALUES ('1143', '10516', 'P042', '20');
INSERT INTO `orddetails` VALUES ('1144', '10309', 'P042', '2');
INSERT INTO `orddetails` VALUES ('1145', '10571', 'P042', '28');
INSERT INTO `orddetails` VALUES ('1146', '10845', 'P042', '42');
INSERT INTO `orddetails` VALUES ('1147', '10746', 'P042', '28');
INSERT INTO `orddetails` VALUES ('1148', '10767', 'P042', '2');
INSERT INTO `orddetails` VALUES ('1149', '10311', 'P042', '6');
INSERT INTO `orddetails` VALUES ('1150', '10332', 'P042', '10');
INSERT INTO `orddetails` VALUES ('1151', '11035', 'P042', '30');
INSERT INTO `orddetails` VALUES ('1152', '10588', 'P042', '100');
INSERT INTO `orddetails` VALUES ('1153', '10776', 'P042', '12');
INSERT INTO `orddetails` VALUES ('1154', '10625', 'P042', '5');
INSERT INTO `orddetails` VALUES ('1155', '10777', 'P042', '20');
INSERT INTO `orddetails` VALUES ('1156', '10345', 'P042', '9');
INSERT INTO `orddetails` VALUES ('1157', '10856', 'P042', '20');
INSERT INTO `orddetails` VALUES ('1158', '10498', 'P042', '30');
INSERT INTO `orddetails` VALUES ('1159', '10404', 'P042', '40');
INSERT INTO `orddetails` VALUES ('1160', '11013', 'P042', '4');
INSERT INTO `orddetails` VALUES ('1161', '10463', 'P042', '50');
INSERT INTO `orddetails` VALUES ('1162', '11002', 'P042', '24');
INSERT INTO `orddetails` VALUES ('1163', '10663', 'P042', '30');
INSERT INTO `orddetails` VALUES ('1164', '10673', 'P042', '6');
INSERT INTO `orddetails` VALUES ('1165', '10996', 'P042', '40');
INSERT INTO `orddetails` VALUES ('1166', '10492', 'P042', '20');
INSERT INTO `orddetails` VALUES ('1167', '10248', 'P042', '10');
INSERT INTO `orddetails` VALUES ('1168', '11007', 'P042', '14');
INSERT INTO `orddetails` VALUES ('1169', '10652', 'P042', '20');
INSERT INTO `orddetails` VALUES ('1170', '10923', 'P042', '10');
INSERT INTO `orddetails` VALUES ('1171', '10882', 'P042', '25');
INSERT INTO `orddetails` VALUES ('1172', '10680', 'P042', '40');
INSERT INTO `orddetails` VALUES ('1173', '10309', 'P043', '20');
INSERT INTO `orddetails` VALUES ('1174', '10706', 'P043', '24');
INSERT INTO `orddetails` VALUES ('1175', '10923', 'P043', '10');
INSERT INTO `orddetails` VALUES ('1176', '10530', 'P043', '25');
INSERT INTO `orddetails` VALUES ('1177', '10982', 'P043', '9');
INSERT INTO `orddetails` VALUES ('1178', '10938', 'P043', '24');
INSERT INTO `orddetails` VALUES ('1179', '10294', 'P043', '15');
INSERT INTO `orddetails` VALUES ('1180', '10270', 'P043', '25');
INSERT INTO `orddetails` VALUES ('1181', '10691', 'P043', '40');
INSERT INTO `orddetails` VALUES ('1182', '10524', 'P043', '60');
INSERT INTO `orddetails` VALUES ('1183', '10814', 'P043', '20');
INSERT INTO `orddetails` VALUES ('1184', '10468', 'P043', '15');
INSERT INTO `orddetails` VALUES ('1185', '10340', 'P043', '40');
INSERT INTO `orddetails` VALUES ('1186', '10760', 'P043', '30');
INSERT INTO `orddetails` VALUES ('1187', '10464', 'P043', '3');
INSERT INTO `orddetails` VALUES ('1188', '10644', 'P043', '20');
INSERT INTO `orddetails` VALUES ('1189', '11068', 'P043', '36');
INSERT INTO `orddetails` VALUES ('1190', '10842', 'P043', '5');
INSERT INTO `orddetails` VALUES ('1191', '10831', 'P043', '9');
INSERT INTO `orddetails` VALUES ('1192', '11052', 'P043', '30');
INSERT INTO `orddetails` VALUES ('1193', '10819', 'P043', '7');
INSERT INTO `orddetails` VALUES ('1194', '10458', 'P043', '20');
INSERT INTO `orddetails` VALUES ('1195', '10673', 'P043', '6');
INSERT INTO `orddetails` VALUES ('1196', '10302', 'P043', '12');
INSERT INTO `orddetails` VALUES ('1197', '10507', 'P043', '15');
INSERT INTO `orddetails` VALUES ('1198', '11023', 'P043', '30');
INSERT INTO `orddetails` VALUES ('1199', '10312', 'P043', '24');
INSERT INTO `orddetails` VALUES ('1200', '10987', 'P043', '6');
INSERT INTO `orddetails` VALUES ('1201', '10452', 'P044', '100');
INSERT INTO `orddetails` VALUES ('1202', '10284', 'P044', '21');
INSERT INTO `orddetails` VALUES ('1203', '10351', 'P044', '77');
INSERT INTO `orddetails` VALUES ('1204', '10676', 'P044', '21');
INSERT INTO `orddetails` VALUES ('1205', '10721', 'P044', '50');
INSERT INTO `orddetails` VALUES ('1206', '10978', 'P044', '6');
INSERT INTO `orddetails` VALUES ('1207', '11042', 'P044', '15');
INSERT INTO `orddetails` VALUES ('1208', '10691', 'P044', '24');
INSERT INTO `orddetails` VALUES ('1209', '10518', 'P044', '9');
INSERT INTO `orddetails` VALUES ('1210', '10624', 'P044', '10');
INSERT INTO `orddetails` VALUES ('1211', '10832', 'P044', '16');
INSERT INTO `orddetails` VALUES ('1212', '10796', 'P044', '10');
INSERT INTO `orddetails` VALUES ('1213', '11034', 'P044', '12');
INSERT INTO `orddetails` VALUES ('1214', '10745', 'P044', '16');
INSERT INTO `orddetails` VALUES ('1215', '10291', 'P044', '24');
INSERT INTO `orddetails` VALUES ('1216', '10561', 'P044', '10');
INSERT INTO `orddetails` VALUES ('1217', '10411', 'P044', '40');
INSERT INTO `orddetails` VALUES ('1218', '10656', 'P044', '28');
INSERT INTO `orddetails` VALUES ('1219', '10551', 'P044', '40');
INSERT INTO `orddetails` VALUES ('1220', '10491', 'P044', '15');
INSERT INTO `orddetails` VALUES ('1221', '10278', 'P044', '16');
INSERT INTO `orddetails` VALUES ('1222', '10944', 'P044', '18');
INSERT INTO `orddetails` VALUES ('1223', '10576', 'P044', '21');
INSERT INTO `orddetails` VALUES ('1224', '10469', 'P044', '2');
INSERT INTO `orddetails` VALUES ('1225', '10549', 'P045', '100');
INSERT INTO `orddetails` VALUES ('1226', '11013', 'P045', '20');
INSERT INTO `orddetails` VALUES ('1227', '10750', 'P045', '40');
INSERT INTO `orddetails` VALUES ('1228', '10388', 'P045', '15');
INSERT INTO `orddetails` VALUES ('1229', '10753', 'P045', '4');
INSERT INTO `orddetails` VALUES ('1230', '10465', 'P045', '30');
INSERT INTO `orddetails` VALUES ('1231', '10776', 'P045', '27');
INSERT INTO `orddetails` VALUES ('1232', '10638', 'P045', '20');
INSERT INTO `orddetails` VALUES ('1233', '10954', 'P045', '30');
INSERT INTO `orddetails` VALUES ('1234', '10847', 'P045', '36');
INSERT INTO `orddetails` VALUES ('1235', '10896', 'P045', '15');
INSERT INTO `orddetails` VALUES ('1236', '10740', 'P045', '40');
INSERT INTO `orddetails` VALUES ('1237', '10502', 'P045', '21');
INSERT INTO `orddetails` VALUES ('1238', '10713', 'P045', '110');
INSERT INTO `orddetails` VALUES ('1239', '10644', 'P046', '21');
INSERT INTO `orddetails` VALUES ('1240', '11075', 'P046', '30');
INSERT INTO `orddetails` VALUES ('1241', '10287', 'P046', '15');
INSERT INTO `orddetails` VALUES ('1242', '10670', 'P046', '60');
INSERT INTO `orddetails` VALUES ('1243', '11077', 'P046', '3');
INSERT INTO `orddetails` VALUES ('1244', '10395', 'P046', '28');
INSERT INTO `orddetails` VALUES ('1245', '10512', 'P046', '9');
INSERT INTO `orddetails` VALUES ('1246', '10943', 'P046', '15');
INSERT INTO `orddetails` VALUES ('1247', '10459', 'P046', '20');
INSERT INTO `orddetails` VALUES ('1248', '10324', 'P046', '30');
INSERT INTO `orddetails` VALUES ('1249', '10813', 'P046', '35');
INSERT INTO `orddetails` VALUES ('1250', '10969', 'P046', '9');
INSERT INTO `orddetails` VALUES ('1251', '10417', 'P046', '2');
INSERT INTO `orddetails` VALUES ('1252', '10454', 'P046', '10');
INSERT INTO `orddetails` VALUES ('1253', '11019', 'P046', '3');
INSERT INTO `orddetails` VALUES ('1254', '10997', 'P046', '20');
INSERT INTO `orddetails` VALUES ('1255', '10390', 'P046', '45');
INSERT INTO `orddetails` VALUES ('1256', '10876', 'P046', '21');
INSERT INTO `orddetails` VALUES ('1257', '10643', 'P046', '2');
INSERT INTO `orddetails` VALUES ('1258', '10428', 'P046', '20');
INSERT INTO `orddetails` VALUES ('1259', '10436', 'P046', '5');
INSERT INTO `orddetails` VALUES ('1260', '10466', 'P046', '5');
INSERT INTO `orddetails` VALUES ('1261', '10743', 'P046', '28');
INSERT INTO `orddetails` VALUES ('1262', '11001', 'P046', '25');
INSERT INTO `orddetails` VALUES ('1263', '10713', 'P046', '24');
INSERT INTO `orddetails` VALUES ('1264', '10696', 'P046', '18');
INSERT INTO `orddetails` VALUES ('1265', '10657', 'P046', '45');
INSERT INTO `orddetails` VALUES ('1266', '10684', 'P047', '40');
INSERT INTO `orddetails` VALUES ('1267', '10657', 'P047', '10');
INSERT INTO `orddetails` VALUES ('1268', '10512', 'P047', '6');
INSERT INTO `orddetails` VALUES ('1269', '10714', 'P047', '50');
INSERT INTO `orddetails` VALUES ('1270', '10710', 'P047', '5');
INSERT INTO `orddetails` VALUES ('1271', '10332', 'P047', '16');
INSERT INTO `orddetails` VALUES ('1272', '10956', 'P047', '14');
INSERT INTO `orddetails` VALUES ('1273', '10762', 'P047', '30');
INSERT INTO `orddetails` VALUES ('1274', '10685', 'P047', '15');
INSERT INTO `orddetails` VALUES ('1275', '10977', 'P047', '30');
INSERT INTO `orddetails` VALUES ('1276', '10837', 'P047', '40');
INSERT INTO `orddetails` VALUES ('1277', '10928', 'P047', '5');
INSERT INTO `orddetails` VALUES ('1278', '10431', 'P047', '30');
INSERT INTO `orddetails` VALUES ('1279', '10875', 'P047', '21');
INSERT INTO `orddetails` VALUES ('1280', '10755', 'P047', '30');
INSERT INTO `orddetails` VALUES ('1281', '10480', 'P047', '30');
INSERT INTO `orddetails` VALUES ('1282', '10585', 'P047', '15');
INSERT INTO `orddetails` VALUES ('1283', '10558', 'P047', '25');
INSERT INTO `orddetails` VALUES ('1284', '10656', 'P047', '6');
INSERT INTO `orddetails` VALUES ('1285', '10699', 'P047', '12');
INSERT INTO `orddetails` VALUES ('1286', '10418', 'P047', '55');
INSERT INTO `orddetails` VALUES ('1287', '10403', 'P048', '70');
INSERT INTO `orddetails` VALUES ('1288', '10814', 'P048', '8');
INSERT INTO `orddetails` VALUES ('1289', '10507', 'P048', '15');
INSERT INTO `orddetails` VALUES ('1290', '10704', 'P048', '24');
INSERT INTO `orddetails` VALUES ('1291', '10604', 'P048', '6');
INSERT INTO `orddetails` VALUES ('1292', '10453', 'P048', '15');
INSERT INTO `orddetails` VALUES ('1293', '10456', 'P049', '21');
INSERT INTO `orddetails` VALUES ('1294', '10875', 'P049', '15');
INSERT INTO `orddetails` VALUES ('1295', '10404', 'P049', '30');
INSERT INTO `orddetails` VALUES ('1296', '10804', 'P049', '4');
INSERT INTO `orddetails` VALUES ('1297', '10603', 'P049', '25');
INSERT INTO `orddetails` VALUES ('1298', '11039', 'P049', '60');
INSERT INTO `orddetails` VALUES ('1299', '10910', 'P049', '10');
INSERT INTO `orddetails` VALUES ('1300', '10360', 'P049', '35');
INSERT INTO `orddetails` VALUES ('1301', '10400', 'P049', '30');
INSERT INTO `orddetails` VALUES ('1302', '10539', 'P049', '6');
INSERT INTO `orddetails` VALUES ('1303', '11019', 'P049', '2');
INSERT INTO `orddetails` VALUES ('1304', '10612', 'P049', '18');
INSERT INTO `orddetails` VALUES ('1305', '10481', 'P049', '24');
INSERT INTO `orddetails` VALUES ('1306', '10868', 'P049', '42');
INSERT INTO `orddetails` VALUES ('1307', '10499', 'P049', '25');
INSERT INTO `orddetails` VALUES ('1308', '10253', 'P049', '40');
INSERT INTO `orddetails` VALUES ('1309', '10882', 'P049', '20');
INSERT INTO `orddetails` VALUES ('1310', '10967', 'P049', '40');
INSERT INTO `orddetails` VALUES ('1311', '10942', 'P049', '28');
INSERT INTO `orddetails` VALUES ('1312', '10304', 'P049', '30');
INSERT INTO `orddetails` VALUES ('1313', '10948', 'P050', '9');
INSERT INTO `orddetails` VALUES ('1314', '10350', 'P050', '15');
INSERT INTO `orddetails` VALUES ('1315', '10465', 'P050', '25');
INSERT INTO `orddetails` VALUES ('1316', '10383', 'P050', '15');
INSERT INTO `orddetails` VALUES ('1317', '10729', 'P050', '40');
INSERT INTO `orddetails` VALUES ('1318', '11072', 'P050', '22');
INSERT INTO `orddetails` VALUES ('1319', '10429', 'P050', '40');
INSERT INTO `orddetails` VALUES ('1320', '10751', 'P050', '20');
INSERT INTO `orddetails` VALUES ('1321', '10920', 'P050', '24');
INSERT INTO `orddetails` VALUES ('1322', '10637', 'P050', '25');
INSERT INTO `orddetails` VALUES ('1323', '10821', 'P051', '6');
INSERT INTO `orddetails` VALUES ('1324', '10800', 'P051', '10');
INSERT INTO `orddetails` VALUES ('1325', '10802', 'P051', '30');
INSERT INTO `orddetails` VALUES ('1326', '10709', 'P051', '28');
INSERT INTO `orddetails` VALUES ('1327', '10484', 'P051', '3');
INSERT INTO `orddetails` VALUES ('1328', '10995', 'P051', '20');
INSERT INTO `orddetails` VALUES ('1329', '10663', 'P051', '20');
INSERT INTO `orddetails` VALUES ('1330', '10472', 'P051', '18');
INSERT INTO `orddetails` VALUES ('1331', '11021', 'P051', '44');
INSERT INTO `orddetails` VALUES ('1332', '10291', 'P051', '2');
INSERT INTO `orddetails` VALUES ('1333', '10397', 'P051', '18');
INSERT INTO `orddetails` VALUES ('1334', '10716', 'P051', '7');
INSERT INTO `orddetails` VALUES ('1335', '10999', 'P051', '15');
INSERT INTO `orddetails` VALUES ('1336', '10665', 'P051', '20');
INSERT INTO `orddetails` VALUES ('1337', '10486', 'P051', '25');
INSERT INTO `orddetails` VALUES ('1338', '10335', 'P051', '48');
INSERT INTO `orddetails` VALUES ('1339', '10843', 'P051', '4');
INSERT INTO `orddetails` VALUES ('1340', '10362', 'P051', '20');
INSERT INTO `orddetails` VALUES ('1341', '10537', 'P051', '6');
INSERT INTO `orddetails` VALUES ('1342', '10965', 'P051', '16');
INSERT INTO `orddetails` VALUES ('1343', '10860', 'P051', '3');
INSERT INTO `orddetails` VALUES ('1344', '10870', 'P051', '2');
INSERT INTO `orddetails` VALUES ('1345', '10549', 'P051', '48');
INSERT INTO `orddetails` VALUES ('1346', '11045', 'P051', '24');
INSERT INTO `orddetails` VALUES ('1347', '10977', 'P051', '10');
INSERT INTO `orddetails` VALUES ('1348', '10558', 'P051', '20');
INSERT INTO `orddetails` VALUES ('1349', '10762', 'P051', '28');
INSERT INTO `orddetails` VALUES ('1350', '10776', 'P051', '120');
INSERT INTO `orddetails` VALUES ('1351', '10561', 'P051', '50');
INSERT INTO `orddetails` VALUES ('1352', '10956', 'P051', '8');
INSERT INTO `orddetails` VALUES ('1353', '10948', 'P051', '40');
INSERT INTO `orddetails` VALUES ('1354', '10567', 'P051', '3');
INSERT INTO `orddetails` VALUES ('1355', '10250', 'P051', '35');
INSERT INTO `orddetails` VALUES ('1356', '11055', 'P051', '20');
INSERT INTO `orddetails` VALUES ('1357', '10249', 'P051', '40');
INSERT INTO `orddetails` VALUES ('1358', '10555', 'P051', '20');
INSERT INTO `orddetails` VALUES ('1359', '11026', 'P051', '10');
INSERT INTO `orddetails` VALUES ('1360', '10731', 'P051', '30');
INSERT INTO `orddetails` VALUES ('1361', '10634', 'P051', '15');
INSERT INTO `orddetails` VALUES ('1362', '11038', 'P052', '2');
INSERT INTO `orddetails` VALUES ('1363', '10809', 'P052', '20');
INSERT INTO `orddetails` VALUES ('1364', '10925', 'P052', '12');
INSERT INTO `orddetails` VALUES ('1365', '10739', 'P052', '18');
INSERT INTO `orddetails` VALUES ('1366', '10862', 'P052', '8');
INSERT INTO `orddetails` VALUES ('1367', '10961', 'P052', '6');
INSERT INTO `orddetails` VALUES ('1368', '10558', 'P052', '30');
INSERT INTO `orddetails` VALUES ('1369', '10563', 'P052', '70');
INSERT INTO `orddetails` VALUES ('1370', '10970', 'P052', '40');
INSERT INTO `orddetails` VALUES ('1371', '10725', 'P052', '4');
INSERT INTO `orddetails` VALUES ('1372', '10388', 'P052', '20');
INSERT INTO `orddetails` VALUES ('1373', '10586', 'P052', '4');
INSERT INTO `orddetails` VALUES ('1374', '10334', 'P052', '8');
INSERT INTO `orddetails` VALUES ('1375', '10594', 'P052', '24');
INSERT INTO `orddetails` VALUES ('1376', '10733', 'P052', '25');
INSERT INTO `orddetails` VALUES ('1377', '10620', 'P052', '5');
INSERT INTO `orddetails` VALUES ('1378', '10322', 'P052', '20');
INSERT INTO `orddetails` VALUES ('1379', '10769', 'P052', '15');
INSERT INTO `orddetails` VALUES ('1380', '10927', 'P052', '5');
INSERT INTO `orddetails` VALUES ('1381', '10446', 'P052', '15');
INSERT INTO `orddetails` VALUES ('1382', '10683', 'P052', '9');
INSERT INTO `orddetails` VALUES ('1383', '10908', 'P052', '14');
INSERT INTO `orddetails` VALUES ('1384', '11077', 'P052', '2');
INSERT INTO `orddetails` VALUES ('1385', '10758', 'P052', '60');
INSERT INTO `orddetails` VALUES ('1386', '10997', 'P052', '20');
INSERT INTO `orddetails` VALUES ('1387', '10517', 'P052', '6');
INSERT INTO `orddetails` VALUES ('1388', '10449', 'P052', '20');
INSERT INTO `orddetails` VALUES ('1389', '10793', 'P052', '8');
INSERT INTO `orddetails` VALUES ('1390', '11003', 'P052', '10');
INSERT INTO `orddetails` VALUES ('1391', '10573', 'P053', '25');
INSERT INTO `orddetails` VALUES ('1392', '10256', 'P053', '15');
INSERT INTO `orddetails` VALUES ('1393', '10833', 'P053', '9');
INSERT INTO `orddetails` VALUES ('1394', '10933', 'P053', '2');
INSERT INTO `orddetails` VALUES ('1395', '10867', 'P053', '3');
INSERT INTO `orddetails` VALUES ('1396', '10962', 'P053', '20');
INSERT INTO `orddetails` VALUES ('1397', '10558', 'P053', '18');
INSERT INTO `orddetails` VALUES ('1398', '10650', 'P053', '25');
INSERT INTO `orddetails` VALUES ('1399', '10421', 'P053', '15');
INSERT INTO `orddetails` VALUES ('1400', '10675', 'P053', '10');
INSERT INTO `orddetails` VALUES ('1401', '10455', 'P053', '50');
INSERT INTO `orddetails` VALUES ('1402', '11064', 'P053', '25');
INSERT INTO `orddetails` VALUES ('1403', '10416', 'P053', '10');
INSERT INTO `orddetails` VALUES ('1404', '10479', 'P053', '28');
INSERT INTO `orddetails` VALUES ('1405', '10711', 'P053', '120');
INSERT INTO `orddetails` VALUES ('1406', '10504', 'P053', '10');
INSERT INTO `orddetails` VALUES ('1407', '10395', 'P053', '70');
INSERT INTO `orddetails` VALUES ('1408', '10312', 'P053', '20');
INSERT INTO `orddetails` VALUES ('1409', '10388', 'P053', '40');
INSERT INTO `orddetails` VALUES ('1410', '10626', 'P053', '12');
INSERT INTO `orddetails` VALUES ('1411', '10502', 'P053', '6');
INSERT INTO `orddetails` VALUES ('1412', '10437', 'P053', '15');
INSERT INTO `orddetails` VALUES ('1413', '10306', 'P053', '10');
INSERT INTO `orddetails` VALUES ('1414', '10285', 'P053', '36');
INSERT INTO `orddetails` VALUES ('1415', '11062', 'P053', '10');
INSERT INTO `orddetails` VALUES ('1416', '10825', 'P053', '20');
INSERT INTO `orddetails` VALUES ('1417', '10712', 'P053', '3');
INSERT INTO `orddetails` VALUES ('1418', '10520', 'P053', '5');
INSERT INTO `orddetails` VALUES ('1419', '10380', 'P053', '20');
INSERT INTO `orddetails` VALUES ('1420', '11033', 'P053', '70');
INSERT INTO `orddetails` VALUES ('1421', '10331', 'P054', '15');
INSERT INTO `orddetails` VALUES ('1422', '11035', 'P054', '10');
INSERT INTO `orddetails` VALUES ('1423', '10794', 'P054', '6');
INSERT INTO `orddetails` VALUES ('1424', '10352', 'P054', '20');
INSERT INTO `orddetails` VALUES ('1425', '10501', 'P054', '20');
INSERT INTO `orddetails` VALUES ('1426', '10600', 'P054', '4');
INSERT INTO `orddetails` VALUES ('1427', '10719', 'P054', '40');
INSERT INTO `orddetails` VALUES ('1428', '10800', 'P054', '7');
INSERT INTO `orddetails` VALUES ('1429', '10445', 'P054', '15');
INSERT INTO `orddetails` VALUES ('1430', '10693', 'P054', '60');
INSERT INTO `orddetails` VALUES ('1431', '10375', 'P054', '10');
INSERT INTO `orddetails` VALUES ('1432', '10678', 'P054', '30');
INSERT INTO `orddetails` VALUES ('1433', '10591', 'P054', '50');
INSERT INTO `orddetails` VALUES ('1434', '10432', 'P054', '40');
INSERT INTO `orddetails` VALUES ('1435', '10450', 'P054', '6');
INSERT INTO `orddetails` VALUES ('1436', '10349', 'P054', '24');
INSERT INTO `orddetails` VALUES ('1437', '10360', 'P054', '28');
INSERT INTO `orddetails` VALUES ('1438', '10534', 'P054', '10');
INSERT INTO `orddetails` VALUES ('1439', '10654', 'P054', '6');
INSERT INTO `orddetails` VALUES ('1440', '10408', 'P054', '6');
INSERT INTO `orddetails` VALUES ('1441', '10859', 'P054', '35');
INSERT INTO `orddetails` VALUES ('1442', '10362', 'P054', '24');
INSERT INTO `orddetails` VALUES ('1443', '10792', 'P054', '3');
INSERT INTO `orddetails` VALUES ('1444', '10288', 'P054', '10');
INSERT INTO `orddetails` VALUES ('1445', '10781', 'P054', '3');
INSERT INTO `orddetails` VALUES ('1446', '11065', 'P054', '20');
INSERT INTO `orddetails` VALUES ('1447', '10915', 'P054', '10');
INSERT INTO `orddetails` VALUES ('1448', '10524', 'P054', '15');
INSERT INTO `orddetails` VALUES ('1449', '10542', 'P054', '24');
INSERT INTO `orddetails` VALUES ('1450', '10882', 'P054', '32');
INSERT INTO `orddetails` VALUES ('1451', '10487', 'P054', '24');
INSERT INTO `orddetails` VALUES ('1452', '10367', 'P054', '18');
INSERT INTO `orddetails` VALUES ('1453', '10650', 'P054', '30');
INSERT INTO `orddetails` VALUES ('1454', '10717', 'P054', '15');
INSERT INTO `orddetails` VALUES ('1455', '10306', 'P054', '5');
INSERT INTO `orddetails` VALUES ('1456', '10442', 'P054', '80');
INSERT INTO `orddetails` VALUES ('1457', '10476', 'P055', '2');
INSERT INTO `orddetails` VALUES ('1458', '11030', 'P055', '60');
INSERT INTO `orddetails` VALUES ('1459', '10707', 'P055', '21');
INSERT INTO `orddetails` VALUES ('1460', '10356', 'P055', '12');
INSERT INTO `orddetails` VALUES ('1461', '10857', 'P055', '10');
INSERT INTO `orddetails` VALUES ('1462', '10802', 'P055', '60');
INSERT INTO `orddetails` VALUES ('1463', '11007', 'P055', '10');
INSERT INTO `orddetails` VALUES ('1464', '10630', 'P055', '12');
INSERT INTO `orddetails` VALUES ('1465', '10382', 'P055', '14');
INSERT INTO `orddetails` VALUES ('1466', '10993', 'P055', '50');
INSERT INTO `orddetails` VALUES ('1467', '10280', 'P055', '20');
INSERT INTO `orddetails` VALUES ('1468', '10360', 'P055', '35');
INSERT INTO `orddetails` VALUES ('1469', '10912', 'P055', '60');
INSERT INTO `orddetails` VALUES ('1470', '10872', 'P055', '10');
INSERT INTO `orddetails` VALUES ('1471', '10791', 'P055', '14');
INSERT INTO `orddetails` VALUES ('1472', '10354', 'P055', '4');
INSERT INTO `orddetails` VALUES ('1473', '10893', 'P055', '24');
INSERT INTO `orddetails` VALUES ('1474', '10268', 'P055', '10');
INSERT INTO `orddetails` VALUES ('1475', '10725', 'P055', '6');
INSERT INTO `orddetails` VALUES ('1476', '10624', 'P055', '6');
INSERT INTO `orddetails` VALUES ('1477', '10369', 'P055', '20');
INSERT INTO `orddetails` VALUES ('1478', '10629', 'P055', '20');
INSERT INTO `orddetails` VALUES ('1479', '10389', 'P055', '15');
INSERT INTO `orddetails` VALUES ('1480', '10305', 'P055', '25');
INSERT INTO `orddetails` VALUES ('1481', '10728', 'P055', '12');
INSERT INTO `orddetails` VALUES ('1482', '10930', 'P055', '25');
INSERT INTO `orddetails` VALUES ('1483', '10971', 'P055', '14');
INSERT INTO `orddetails` VALUES ('1484', '10801', 'P055', '20');
INSERT INTO `orddetails` VALUES ('1485', '10529', 'P055', '14');
INSERT INTO `orddetails` VALUES ('1486', '10990', 'P055', '65');
INSERT INTO `orddetails` VALUES ('1487', '10485', 'P055', '30');
INSERT INTO `orddetails` VALUES ('1488', '10510', 'P055', '36');
INSERT INTO `orddetails` VALUES ('1489', '10400', 'P055', '21');
INSERT INTO `orddetails` VALUES ('1490', '10615', 'P055', '5');
INSERT INTO `orddetails` VALUES ('1491', '11028', 'P055', '35');
INSERT INTO `orddetails` VALUES ('1492', '10398', 'P055', '120');
INSERT INTO `orddetails` VALUES ('1493', '10425', 'P055', '10');
INSERT INTO `orddetails` VALUES ('1494', '10698', 'P055', '12');
INSERT INTO `orddetails` VALUES ('1495', '10787', 'P055', '20');
INSERT INTO `orddetails` VALUES ('1496', '11064', 'P055', '4');
INSERT INTO `orddetails` VALUES ('1497', '11002', 'P055', '40');
INSERT INTO `orddetails` VALUES ('1498', '11001', 'P055', '6');
INSERT INTO `orddetails` VALUES ('1499', '10897', 'P055', '80');
INSERT INTO `orddetails` VALUES ('1500', '10583', 'P055', '10');
INSERT INTO `orddetails` VALUES ('1501', '10564', 'P055', '25');
INSERT INTO `orddetails` VALUES ('1502', '11077', 'P055', '2');
INSERT INTO `orddetails` VALUES ('1503', '10451', 'P055', '120');
INSERT INTO `orddetails` VALUES ('1504', '10691', 'P055', '40');
INSERT INTO `orddetails` VALUES ('1505', '10559', 'P055', '18');
INSERT INTO `orddetails` VALUES ('1506', '10465', 'P055', '18');
INSERT INTO `orddetails` VALUES ('1507', '10290', 'P055', '15');
INSERT INTO `orddetails` VALUES ('1508', '10772', 'P055', '18');
INSERT INTO `orddetails` VALUES ('1509', '10687', 'P055', '10');
INSERT INTO `orddetails` VALUES ('1510', '11006', 'P055', '2');
INSERT INTO `orddetails` VALUES ('1511', '10254', 'P055', '21');
INSERT INTO `orddetails` VALUES ('1512', '10668', 'P055', '4');
INSERT INTO `orddetails` VALUES ('1513', '10461', 'P055', '60');
INSERT INTO `orddetails` VALUES ('1514', '11056', 'P055', '35');
INSERT INTO `orddetails` VALUES ('1515', '10666', 'P055', '36');
INSERT INTO `orddetails` VALUES ('1516', '10440', 'P055', '24');
INSERT INTO `orddetails` VALUES ('1517', '10342', 'P055', '40');
INSERT INTO `orddetails` VALUES ('1518', '10606', 'P055', '20');
INSERT INTO `orddetails` VALUES ('1519', '10834', 'P055', '8');
INSERT INTO `orddetails` VALUES ('1520', '10948', 'P055', '4');
INSERT INTO `orddetails` VALUES ('1521', '10902', 'P055', '30');
INSERT INTO `orddetails` VALUES ('1522', '10820', 'P056', '30');
INSERT INTO `orddetails` VALUES ('1523', '10346', 'P056', '20');
INSERT INTO `orddetails` VALUES ('1524', '10712', 'P056', '30');
INSERT INTO `orddetails` VALUES ('1525', '10690', 'P056', '20');
INSERT INTO `orddetails` VALUES ('1526', '10755', 'P056', '30');
INSERT INTO `orddetails` VALUES ('1527', '10570', 'P056', '60');
INSERT INTO `orddetails` VALUES ('1528', '10430', 'P056', '30');
INSERT INTO `orddetails` VALUES ('1529', '10458', 'P056', '15');
INSERT INTO `orddetails` VALUES ('1530', '10295', 'P056', '4');
INSERT INTO `orddetails` VALUES ('1531', '10727', 'P056', '10');
INSERT INTO `orddetails` VALUES ('1532', '10841', 'P056', '30');
INSERT INTO `orddetails` VALUES ('1533', '10471', 'P056', '20');
INSERT INTO `orddetails` VALUES ('1534', '10262', 'P056', '2');
INSERT INTO `orddetails` VALUES ('1535', '10762', 'P056', '60');
INSERT INTO `orddetails` VALUES ('1536', '10618', 'P056', '20');
INSERT INTO `orddetails` VALUES ('1537', '10714', 'P056', '18');
INSERT INTO `orddetails` VALUES ('1538', '10494', 'P056', '30');
INSERT INTO `orddetails` VALUES ('1539', '10369', 'P056', '18');
INSERT INTO `orddetails` VALUES ('1540', '10608', 'P056', '28');
INSERT INTO `orddetails` VALUES ('1541', '10301', 'P056', '20');
INSERT INTO `orddetails` VALUES ('1542', '10884', 'P056', '21');
INSERT INTO `orddetails` VALUES ('1543', '10596', 'P056', '5');
INSERT INTO `orddetails` VALUES ('1544', '10329', 'P056', '12');
INSERT INTO `orddetails` VALUES ('1545', '10944', 'P056', '18');
INSERT INTO `orddetails` VALUES ('1546', '10616', 'P056', '14');
INSERT INTO `orddetails` VALUES ('1547', '10855', 'P056', '24');
INSERT INTO `orddetails` VALUES ('1548', '10657', 'P056', '45');
INSERT INTO `orddetails` VALUES ('1549', '10748', 'P056', '28');
INSERT INTO `orddetails` VALUES ('1550', '10514', 'P056', '70');
INSERT INTO `orddetails` VALUES ('1551', '10790', 'P056', '20');
INSERT INTO `orddetails` VALUES ('1552', '10426', 'P056', '5');
INSERT INTO `orddetails` VALUES ('1553', '10526', 'P056', '30');
INSERT INTO `orddetails` VALUES ('1554', '10433', 'P056', '28');
INSERT INTO `orddetails` VALUES ('1555', '10808', 'P056', '20');
INSERT INTO `orddetails` VALUES ('1556', '11029', 'P056', '20');
INSERT INTO `orddetails` VALUES ('1557', '10383', 'P056', '20');
INSERT INTO `orddetails` VALUES ('1558', '10436', 'P056', '40');
INSERT INTO `orddetails` VALUES ('1559', '10749', 'P056', '15');
INSERT INTO `orddetails` VALUES ('1560', '10664', 'P056', '12');
INSERT INTO `orddetails` VALUES ('1561', '10637', 'P056', '60');
INSERT INTO `orddetails` VALUES ('1562', '10497', 'P056', '14');
INSERT INTO `orddetails` VALUES ('1563', '10740', 'P056', '14');
INSERT INTO `orddetails` VALUES ('1564', '10519', 'P056', '40');
INSERT INTO `orddetails` VALUES ('1565', '10966', 'P056', '12');
INSERT INTO `orddetails` VALUES ('1566', '10896', 'P056', '16');
INSERT INTO `orddetails` VALUES ('1567', '10781', 'P056', '20');
INSERT INTO `orddetails` VALUES ('1568', '10555', 'P056', '40');
INSERT INTO `orddetails` VALUES ('1569', '10401', 'P056', '70');
INSERT INTO `orddetails` VALUES ('1570', '10464', 'P056', '30');
INSERT INTO `orddetails` VALUES ('1571', '11018', 'P056', '5');
INSERT INTO `orddetails` VALUES ('1572', '10326', 'P057', '16');
INSERT INTO `orddetails` VALUES ('1573', '10851', 'P057', '10');
INSERT INTO `orddetails` VALUES ('1574', '10836', 'P057', '24');
INSERT INTO `orddetails` VALUES ('1575', '10826', 'P057', '15');
INSERT INTO `orddetails` VALUES ('1576', '10707', 'P057', '40');
INSERT INTO `orddetails` VALUES ('1577', '10282', 'P057', '2');
INSERT INTO `orddetails` VALUES ('1578', '10535', 'P057', '5');
INSERT INTO `orddetails` VALUES ('1579', '10755', 'P057', '14');
INSERT INTO `orddetails` VALUES ('1580', '10597', 'P057', '20');
INSERT INTO `orddetails` VALUES ('1581', '10582', 'P057', '4');
INSERT INTO `orddetails` VALUES ('1582', '11055', 'P057', '20');
INSERT INTO `orddetails` VALUES ('1583', '10578', 'P057', '6');
INSERT INTO `orddetails` VALUES ('1584', '10823', 'P057', '15');
INSERT INTO `orddetails` VALUES ('1585', '10916', 'P057', '20');
INSERT INTO `orddetails` VALUES ('1586', '10931', 'P057', '30');
INSERT INTO `orddetails` VALUES ('1587', '10251', 'P057', '15');
INSERT INTO `orddetails` VALUES ('1588', '10438', 'P057', '15');
INSERT INTO `orddetails` VALUES ('1589', '10368', 'P057', '25');
INSERT INTO `orddetails` VALUES ('1590', '10355', 'P057', '25');
INSERT INTO `orddetails` VALUES ('1591', '11039', 'P057', '28');
INSERT INTO `orddetails` VALUES ('1592', '10260', 'P057', '50');
INSERT INTO `orddetails` VALUES ('1593', '10416', 'P057', '20');
INSERT INTO `orddetails` VALUES ('1594', '10983', 'P057', '15');
INSERT INTO `orddetails` VALUES ('1595', '10913', 'P058', '15');
INSERT INTO `orddetails` VALUES ('1596', '10845', 'P058', '60');
INSERT INTO `orddetails` VALUES ('1597', '10863', 'P058', '12');
INSERT INTO `orddetails` VALUES ('1598', '10697', 'P058', '30');
INSERT INTO `orddetails` VALUES ('1599', '10327', 'P058', '30');
INSERT INTO `orddetails` VALUES ('1600', '10373', 'P058', '80');
INSERT INTO `orddetails` VALUES ('1601', '10714', 'P058', '12');
INSERT INTO `orddetails` VALUES ('1602', '10904', 'P058', '15');
INSERT INTO `orddetails` VALUES ('1603', '10661', 'P058', '49');
INSERT INTO `orddetails` VALUES ('1604', '10675', 'P058', '30');
INSERT INTO `orddetails` VALUES ('1605', '10374', 'P058', '15');
INSERT INTO `orddetails` VALUES ('1606', '10636', 'P058', '6');
INSERT INTO `orddetails` VALUES ('1607', '10314', 'P058', '30');
INSERT INTO `orddetails` VALUES ('1608', '10537', 'P058', '20');
INSERT INTO `orddetails` VALUES ('1609', '10594', 'P058', '30');
INSERT INTO `orddetails` VALUES ('1610', '10839', 'P058', '30');
INSERT INTO `orddetails` VALUES ('1611', '10930', 'P058', '30');
INSERT INTO `orddetails` VALUES ('1612', '10841', 'P059', '50');
INSERT INTO `orddetails` VALUES ('1613', '10457', 'P059', '36');
INSERT INTO `orddetails` VALUES ('1614', '10575', 'P059', '12');
INSERT INTO `orddetails` VALUES ('1615', '10567', 'P059', '40');
INSERT INTO `orddetails` VALUES ('1616', '10605', 'P059', '20');
INSERT INTO `orddetails` VALUES ('1617', '10706', 'P059', '8');
INSERT INTO `orddetails` VALUES ('1618', '10601', 'P059', '35');
INSERT INTO `orddetails` VALUES ('1619', '10835', 'P059', '15');
INSERT INTO `orddetails` VALUES ('1620', '10679', 'P059', '12');
INSERT INTO `orddetails` VALUES ('1621', '11005', 'P059', '10');
INSERT INTO `orddetails` VALUES ('1622', '10947', 'P059', '4');
INSERT INTO `orddetails` VALUES ('1623', '10275', 'P059', '6');
INSERT INTO `orddetails` VALUES ('1624', '10851', 'P059', '42');
INSERT INTO `orddetails` VALUES ('1625', '10267', 'P059', '70');
INSERT INTO `orddetails` VALUES ('1626', '10823', 'P059', '40');
INSERT INTO `orddetails` VALUES ('1627', '10490', 'P059', '60');
INSERT INTO `orddetails` VALUES ('1628', '10488', 'P059', '30');
INSERT INTO `orddetails` VALUES ('1629', '10994', 'P059', '18');
INSERT INTO `orddetails` VALUES ('1630', '10480', 'P059', '12');
INSERT INTO `orddetails` VALUES ('1631', '10255', 'P059', '30');
INSERT INTO `orddetails` VALUES ('1632', '10479', 'P059', '60');
INSERT INTO `orddetails` VALUES ('1633', '10278', 'P059', '15');
INSERT INTO `orddetails` VALUES ('1634', '10617', 'P059', '30');
INSERT INTO `orddetails` VALUES ('1635', '10531', 'P059', '2');
INSERT INTO `orddetails` VALUES ('1636', '10535', 'P059', '15');
INSERT INTO `orddetails` VALUES ('1637', '10665', 'P059', '1');
INSERT INTO `orddetails` VALUES ('1638', '10517', 'P059', '4');
INSERT INTO `orddetails` VALUES ('1639', '10757', 'P059', '7');
INSERT INTO `orddetails` VALUES ('1640', '10803', 'P059', '15');
INSERT INTO `orddetails` VALUES ('1641', '10411', 'P059', '9');
INSERT INTO `orddetails` VALUES ('1642', '10298', 'P059', '30');
INSERT INTO `orddetails` VALUES ('1643', '10410', 'P059', '16');
INSERT INTO `orddetails` VALUES ('1644', '11017', 'P059', '110');
INSERT INTO `orddetails` VALUES ('1645', '10341', 'P059', '9');
INSERT INTO `orddetails` VALUES ('1646', '10304', 'P059', '10');
INSERT INTO `orddetails` VALUES ('1647', '10703', 'P059', '35');
INSERT INTO `orddetails` VALUES ('1648', '10727', 'P059', '10');
INSERT INTO `orddetails` VALUES ('1649', '10892', 'P059', '40');
INSERT INTO `orddetails` VALUES ('1650', '10387', 'P059', '12');
INSERT INTO `orddetails` VALUES ('1651', '11036', 'P059', '30');
INSERT INTO `orddetails` VALUES ('1652', '11028', 'P059', '24');
INSERT INTO `orddetails` VALUES ('1653', '10750', 'P059', '25');
INSERT INTO `orddetails` VALUES ('1654', '11030', 'P059', '100');
INSERT INTO `orddetails` VALUES ('1655', '10749', 'P059', '6');
INSERT INTO `orddetails` VALUES ('1656', '11032', 'P059', '30');
INSERT INTO `orddetails` VALUES ('1657', '10745', 'P059', '45');
INSERT INTO `orddetails` VALUES ('1658', '10799', 'P059', '25');
INSERT INTO `orddetails` VALUES ('1659', '10694', 'P059', '25');
INSERT INTO `orddetails` VALUES ('1660', '10328', 'P059', '9');
INSERT INTO `orddetails` VALUES ('1661', '10430', 'P059', '70');
INSERT INTO `orddetails` VALUES ('1662', '10324', 'P059', '40');
INSERT INTO `orddetails` VALUES ('1663', '10772', 'P059', '25');
INSERT INTO `orddetails` VALUES ('1664', '10423', 'P059', '20');
INSERT INTO `orddetails` VALUES ('1665', '10701', 'P059', '42');
INSERT INTO `orddetails` VALUES ('1666', '10836', 'P060', '60');
INSERT INTO `orddetails` VALUES ('1667', '10283', 'P060', '35');
INSERT INTO `orddetails` VALUES ('1668', '10284', 'P060', '20');
INSERT INTO `orddetails` VALUES ('1669', '10742', 'P060', '50');
INSERT INTO `orddetails` VALUES ('1670', '10294', 'P060', '21');
INSERT INTO `orddetails` VALUES ('1671', '10252', 'P060', '40');
INSERT INTO `orddetails` VALUES ('1672', '10684', 'P060', '30');
INSERT INTO `orddetails` VALUES ('1673', '10357', 'P060', '8');
INSERT INTO `orddetails` VALUES ('1674', '10829', 'P060', '21');
INSERT INTO `orddetails` VALUES ('1675', '10709', 'P060', '10');
INSERT INTO `orddetails` VALUES ('1676', '10830', 'P060', '30');
INSERT INTO `orddetails` VALUES ('1677', '10625', 'P060', '10');
INSERT INTO `orddetails` VALUES ('1678', '10583', 'P060', '24');
INSERT INTO `orddetails` VALUES ('1679', '10605', 'P060', '70');
INSERT INTO `orddetails` VALUES ('1680', '10768', 'P060', '15');
INSERT INTO `orddetails` VALUES ('1681', '10536', 'P060', '35');
INSERT INTO `orddetails` VALUES ('1682', '10728', 'P060', '15');
INSERT INTO `orddetails` VALUES ('1683', '10611', 'P060', '15');
INSERT INTO `orddetails` VALUES ('1684', '10515', 'P060', '84');
INSERT INTO `orddetails` VALUES ('1685', '10612', 'P060', '40');
INSERT INTO `orddetails` VALUES ('1686', '10512', 'P060', '12');
INSERT INTO `orddetails` VALUES ('1687', '10384', 'P060', '15');
INSERT INTO `orddetails` VALUES ('1688', '10464', 'P060', '20');
INSERT INTO `orddetails` VALUES ('1689', '10359', 'P060', '80');
INSERT INTO `orddetails` VALUES ('1690', '10626', 'P060', '20');
INSERT INTO `orddetails` VALUES ('1691', '10419', 'P060', '60');
INSERT INTO `orddetails` VALUES ('1692', '10653', 'P060', '20');
INSERT INTO `orddetails` VALUES ('1693', '10657', 'P060', '30');
INSERT INTO `orddetails` VALUES ('1694', '10385', 'P060', '20');
INSERT INTO `orddetails` VALUES ('1695', '10519', 'P060', '10');
INSERT INTO `orddetails` VALUES ('1696', '10380', 'P060', '6');
INSERT INTO `orddetails` VALUES ('1697', '10372', 'P060', '70');
INSERT INTO `orddetails` VALUES ('1698', '10658', 'P060', '55');
INSERT INTO `orddetails` VALUES ('1699', '10361', 'P060', '55');
INSERT INTO `orddetails` VALUES ('1700', '10481', 'P060', '40');
INSERT INTO `orddetails` VALUES ('1701', '10995', 'P060', '4');
INSERT INTO `orddetails` VALUES ('1702', '11056', 'P060', '50');
INSERT INTO `orddetails` VALUES ('1703', '11058', 'P060', '21');
INSERT INTO `orddetails` VALUES ('1704', '10895', 'P060', '100');
INSERT INTO `orddetails` VALUES ('1705', '10847', 'P060', '45');
INSERT INTO `orddetails` VALUES ('1706', '10938', 'P060', '49');
INSERT INTO `orddetails` VALUES ('1707', '10918', 'P060', '25');
INSERT INTO `orddetails` VALUES ('1708', '10963', 'P060', '2');
INSERT INTO `orddetails` VALUES ('1709', '11009', 'P060', '9');
INSERT INTO `orddetails` VALUES ('1710', '11061', 'P060', '15');
INSERT INTO `orddetails` VALUES ('1711', '11077', 'P060', '2');
INSERT INTO `orddetails` VALUES ('1712', '11059', 'P060', '35');
INSERT INTO `orddetails` VALUES ('1713', '10954', 'P060', '24');
INSERT INTO `orddetails` VALUES ('1714', '11060', 'P060', '4');
INSERT INTO `orddetails` VALUES ('1715', '10917', 'P060', '10');
INSERT INTO `orddetails` VALUES ('1716', '11012', 'P060', '36');
INSERT INTO `orddetails` VALUES ('1717', '11034', 'P061', '6');
INSERT INTO `orddetails` VALUES ('1718', '10735', 'P061', '20');
INSERT INTO `orddetails` VALUES ('1719', '10595', 'P061', '120');
INSERT INTO `orddetails` VALUES ('1720', '10724', 'P061', '5');
INSERT INTO `orddetails` VALUES ('1721', '10550', 'P061', '10');
INSERT INTO `orddetails` VALUES ('1722', '11042', 'P061', '4');
INSERT INTO `orddetails` VALUES ('1723', '10716', 'P061', '10');
INSERT INTO `orddetails` VALUES ('1724', '10880', 'P061', '30');
INSERT INTO `orddetails` VALUES ('1725', '11052', 'P061', '10');
INSERT INTO `orddetails` VALUES ('1726', '10769', 'P061', '20');
INSERT INTO `orddetails` VALUES ('1727', '10513', 'P061', '15');
INSERT INTO `orddetails` VALUES ('1728', '10455', 'P061', '25');
INSERT INTO `orddetails` VALUES ('1729', '10530', 'P061', '20');
INSERT INTO `orddetails` VALUES ('1730', '10906', 'P061', '15');
INSERT INTO `orddetails` VALUES ('1731', '10814', 'P061', '30');
INSERT INTO `orddetails` VALUES ('1732', '10440', 'P061', '90');
INSERT INTO `orddetails` VALUES ('1733', '10504', 'P061', '25');
INSERT INTO `orddetails` VALUES ('1734', '10642', 'P061', '20');
INSERT INTO `orddetails` VALUES ('1735', '10998', 'P061', '7');
INSERT INTO `orddetails` VALUES ('1736', '10418', 'P061', '16');
INSERT INTO `orddetails` VALUES ('1737', '10933', 'P061', '30');
INSERT INTO `orddetails` VALUES ('1738', '10910', 'P061', '5');
INSERT INTO `orddetails` VALUES ('1739', '11058', 'P061', '4');
INSERT INTO `orddetails` VALUES ('1740', '10990', 'P061', '66');
INSERT INTO `orddetails` VALUES ('1741', '11027', 'P062', '21');
INSERT INTO `orddetails` VALUES ('1742', '10718', 'P062', '20');
INSERT INTO `orddetails` VALUES ('1743', '10817', 'P062', '25');
INSERT INTO `orddetails` VALUES ('1744', '10554', 'P062', '20');
INSERT INTO `orddetails` VALUES ('1745', '10816', 'P062', '20');
INSERT INTO `orddetails` VALUES ('1746', '10574', 'P062', '10');
INSERT INTO `orddetails` VALUES ('1747', '10779', 'P062', '20');
INSERT INTO `orddetails` VALUES ('1748', '10562', 'P062', '10');
INSERT INTO `orddetails` VALUES ('1749', '10560', 'P062', '15');
INSERT INTO `orddetails` VALUES ('1750', '10872', 'P062', '20');
INSERT INTO `orddetails` VALUES ('1751', '10798', 'P062', '2');
INSERT INTO `orddetails` VALUES ('1752', '10902', 'P062', '6');
INSERT INTO `orddetails` VALUES ('1753', '10988', 'P062', '40');
INSERT INTO `orddetails` VALUES ('1754', '10505', 'P062', '3');
INSERT INTO `orddetails` VALUES ('1755', '10802', 'P062', '5');
INSERT INTO `orddetails` VALUES ('1756', '10904', 'P062', '35');
INSERT INTO `orddetails` VALUES ('1757', '10746', 'P062', '9');
INSERT INTO `orddetails` VALUES ('1758', '10633', 'P062', '80');
INSERT INTO `orddetails` VALUES ('1759', '10449', 'P062', '35');
INSERT INTO `orddetails` VALUES ('1760', '10260', 'P062', '15');
INSERT INTO `orddetails` VALUES ('1761', '10627', 'P062', '15');
INSERT INTO `orddetails` VALUES ('1762', '10546', 'P062', '40');
INSERT INTO `orddetails` VALUES ('1763', '10671', 'P062', '10');
INSERT INTO `orddetails` VALUES ('1764', '10413', 'P062', '40');
INSERT INTO `orddetails` VALUES ('1765', '10852', 'P062', '50');
INSERT INTO `orddetails` VALUES ('1766', '10861', 'P062', '3');
INSERT INTO `orddetails` VALUES ('1767', '10408', 'P062', '35');
INSERT INTO `orddetails` VALUES ('1768', '10966', 'P062', '12');
INSERT INTO `orddetails` VALUES ('1769', '10394', 'P062', '10');
INSERT INTO `orddetails` VALUES ('1770', '10389', 'P062', '20');
INSERT INTO `orddetails` VALUES ('1771', '10757', 'P062', '30');
INSERT INTO `orddetails` VALUES ('1772', '10691', 'P062', '48');
INSERT INTO `orddetails` VALUES ('1773', '11044', 'P062', '12');
INSERT INTO `orddetails` VALUES ('1774', '10606', 'P062', '10');
INSERT INTO `orddetails` VALUES ('1775', '10314', 'P062', '25');
INSERT INTO `orddetails` VALUES ('1776', '10941', 'P062', '30');
INSERT INTO `orddetails` VALUES ('1777', '10769', 'P062', '15');
INSERT INTO `orddetails` VALUES ('1778', '10307', 'P062', '10');
INSERT INTO `orddetails` VALUES ('1779', '10599', 'P062', '10');
INSERT INTO `orddetails` VALUES ('1780', '10339', 'P062', '28');
INSERT INTO `orddetails` VALUES ('1781', '10310', 'P062', '5');
INSERT INTO `orddetails` VALUES ('1782', '10298', 'P062', '15');
INSERT INTO `orddetails` VALUES ('1783', '10277', 'P062', '12');
INSERT INTO `orddetails` VALUES ('1784', '10949', 'P062', '60');
INSERT INTO `orddetails` VALUES ('1785', '10932', 'P062', '14');
INSERT INTO `orddetails` VALUES ('1786', '10316', 'P062', '70');
INSERT INTO `orddetails` VALUES ('1787', '10822', 'P062', '3');
INSERT INTO `orddetails` VALUES ('1788', '10286', 'P062', '40');
INSERT INTO `orddetails` VALUES ('1789', '10324', 'P063', '80');
INSERT INTO `orddetails` VALUES ('1790', '10278', 'P063', '8');
INSERT INTO `orddetails` VALUES ('1791', '10921', 'P063', '40');
INSERT INTO `orddetails` VALUES ('1792', '10596', 'P063', '24');
INSERT INTO `orddetails` VALUES ('1793', '10974', 'P063', '10');
INSERT INTO `orddetails` VALUES ('1794', '10789', 'P063', '30');
INSERT INTO `orddetails` VALUES ('1795', '10293', 'P063', '5');
INSERT INTO `orddetails` VALUES ('1796', '10379', 'P063', '16');
INSERT INTO `orddetails` VALUES ('1797', '10429', 'P063', '35');
INSERT INTO `orddetails` VALUES ('1798', '11029', 'P063', '12');
INSERT INTO `orddetails` VALUES ('1799', '10979', 'P063', '35');
INSERT INTO `orddetails` VALUES ('1800', '10747', 'P063', '9');
INSERT INTO `orddetails` VALUES ('1801', '11041', 'P063', '30');
INSERT INTO `orddetails` VALUES ('1802', '10575', 'P063', '6');
INSERT INTO `orddetails` VALUES ('1803', '10692', 'P063', '20');
INSERT INTO `orddetails` VALUES ('1804', '10977', 'P063', '20');
INSERT INTO `orddetails` VALUES ('1805', '10402', 'P063', '65');
INSERT INTO `orddetails` VALUES ('1806', '10439', 'P064', '6');
INSERT INTO `orddetails` VALUES ('1807', '10796', 'P064', '35');
INSERT INTO `orddetails` VALUES ('1808', '10968', 'P064', '4');
INSERT INTO `orddetails` VALUES ('1809', '10629', 'P064', '9');
INSERT INTO `orddetails` VALUES ('1810', '10832', 'P064', '3');
INSERT INTO `orddetails` VALUES ('1811', '10436', 'P064', '30');
INSERT INTO `orddetails` VALUES ('1812', '10845', 'P064', '48');
INSERT INTO `orddetails` VALUES ('1813', '10343', 'P064', '50');
INSERT INTO `orddetails` VALUES ('1814', '10859', 'P064', '30');
INSERT INTO `orddetails` VALUES ('1815', '10451', 'P064', '35');
INSERT INTO `orddetails` VALUES ('1816', '10681', 'P064', '28');
INSERT INTO `orddetails` VALUES ('1817', '11072', 'P064', '130');
INSERT INTO `orddetails` VALUES ('1818', '10426', 'P064', '7');
INSERT INTO `orddetails` VALUES ('1819', '10565', 'P064', '18');
INSERT INTO `orddetails` VALUES ('1820', '10957', 'P064', '8');
INSERT INTO `orddetails` VALUES ('1821', '10368', 'P064', '35');
INSERT INTO `orddetails` VALUES ('1822', '10557', 'P064', '30');
INSERT INTO `orddetails` VALUES ('1823', '10836', 'P064', '30');
INSERT INTO `orddetails` VALUES ('1824', '10370', 'P064', '30');
INSERT INTO `orddetails` VALUES ('1825', '10876', 'P064', '20');
INSERT INTO `orddetails` VALUES ('1826', '10289', 'P064', '9');
INSERT INTO `orddetails` VALUES ('1827', '10479', 'P064', '30');
INSERT INTO `orddetails` VALUES ('1828', '11053', 'P064', '25');
INSERT INTO `orddetails` VALUES ('1829', '10668', 'P064', '15');
INSERT INTO `orddetails` VALUES ('1830', '10757', 'P064', '24');
INSERT INTO `orddetails` VALUES ('1831', '10470', 'P064', '8');
INSERT INTO `orddetails` VALUES ('1832', '10872', 'P064', '15');
INSERT INTO `orddetails` VALUES ('1833', '11077', 'P064', '2');
INSERT INTO `orddetails` VALUES ('1834', '11031', 'P064', '20');
INSERT INTO `orddetails` VALUES ('1835', '10574', 'P064', '6');
INSERT INTO `orddetails` VALUES ('1836', '10736', 'P065', '40');
INSERT INTO `orddetails` VALUES ('1837', '10879', 'P065', '10');
INSERT INTO `orddetails` VALUES ('1838', '10367', 'P065', '15');
INSERT INTO `orddetails` VALUES ('1839', '10664', 'P065', '15');
INSERT INTO `orddetails` VALUES ('1840', '10366', 'P065', '5');
INSERT INTO `orddetails` VALUES ('1841', '10379', 'P065', '20');
INSERT INTO `orddetails` VALUES ('1842', '10351', 'P065', '10');
INSERT INTO `orddetails` VALUES ('1843', '10884', 'P065', '12');
INSERT INTO `orddetails` VALUES ('1844', '10806', 'P065', '2');
INSERT INTO `orddetails` VALUES ('1845', '10872', 'P065', '21');
INSERT INTO `orddetails` VALUES ('1846', '10666', 'P065', '10');
INSERT INTO `orddetails` VALUES ('1847', '10765', 'P065', '80');
INSERT INTO `orddetails` VALUES ('1848', '10730', 'P065', '10');
INSERT INTO `orddetails` VALUES ('1849', '10671', 'P065', '12');
INSERT INTO `orddetails` VALUES ('1850', '10328', 'P065', '40');
INSERT INTO `orddetails` VALUES ('1851', '10303', 'P065', '30');
INSERT INTO `orddetails` VALUES ('1852', '11024', 'P065', '21');
INSERT INTO `orddetails` VALUES ('1853', '10451', 'P065', '28');
INSERT INTO `orddetails` VALUES ('1854', '10447', 'P065', '35');
INSERT INTO `orddetails` VALUES ('1855', '10903', 'P065', '21');
INSERT INTO `orddetails` VALUES ('1856', '10401', 'P065', '20');
INSERT INTO `orddetails` VALUES ('1857', '10698', 'P065', '65');
INSERT INTO `orddetails` VALUES ('1858', '10855', 'P065', '15');
INSERT INTO `orddetails` VALUES ('1859', '10597', 'P065', '12');
INSERT INTO `orddetails` VALUES ('1860', '10503', 'P065', '20');
INSERT INTO `orddetails` VALUES ('1861', '10251', 'P065', '20');
INSERT INTO `orddetails` VALUES ('1862', '10638', 'P065', '21');
INSERT INTO `orddetails` VALUES ('1863', '10580', 'P065', '30');
INSERT INTO `orddetails` VALUES ('1864', '10493', 'P065', '15');
INSERT INTO `orddetails` VALUES ('1865', '10514', 'P065', '39');
INSERT INTO `orddetails` VALUES ('1866', '10250', 'P065', '15');
INSERT INTO `orddetails` VALUES ('1867', '10541', 'P065', '36');
INSERT INTO `orddetails` VALUES ('1868', '10475', 'P066', '60');
INSERT INTO `orddetails` VALUES ('1869', '10532', 'P066', '24');
INSERT INTO `orddetails` VALUES ('1870', '10493', 'P066', '10');
INSERT INTO `orddetails` VALUES ('1871', '11077', 'P066', '1');
INSERT INTO `orddetails` VALUES ('1872', '10774', 'P066', '50');
INSERT INTO `orddetails` VALUES ('1873', '10300', 'P066', '30');
INSERT INTO `orddetails` VALUES ('1874', '10682', 'P066', '4');
INSERT INTO `orddetails` VALUES ('1875', '10442', 'P066', '60');
INSERT INTO `orddetails` VALUES ('1876', '10923', 'P067', '24');
INSERT INTO `orddetails` VALUES ('1877', '11054', 'P067', '20');
INSERT INTO `orddetails` VALUES ('1878', '10911', 'P067', '15');
INSERT INTO `orddetails` VALUES ('1879', '10544', 'P067', '7');
INSERT INTO `orddetails` VALUES ('1880', '10864', 'P067', '15');
INSERT INTO `orddetails` VALUES ('1881', '10939', 'P067', '40');
INSERT INTO `orddetails` VALUES ('1882', '10670', 'P067', '25');
INSERT INTO `orddetails` VALUES ('1883', '10502', 'P067', '30');
INSERT INTO `orddetails` VALUES ('1884', '10284', 'P067', '5');
INSERT INTO `orddetails` VALUES ('1885', '10775', 'P067', '3');
INSERT INTO `orddetails` VALUES ('1886', '10622', 'P068', '18');
INSERT INTO `orddetails` VALUES ('1887', '10618', 'P068', '15');
INSERT INTO `orddetails` VALUES ('1888', '10529', 'P068', '20');
INSERT INTO `orddetails` VALUES ('1889', '10424', 'P068', '30');
INSERT INTO `orddetails` VALUES ('1890', '10789', 'P068', '18');
INSERT INTO `orddetails` VALUES ('1891', '10700', 'P068', '40');
INSERT INTO `orddetails` VALUES ('1892', '10792', 'P068', '15');
INSERT INTO `orddetails` VALUES ('1893', '10521', 'P068', '6');
INSERT INTO `orddetails` VALUES ('1894', '10766', 'P068', '40');
INSERT INTO `orddetails` VALUES ('1895', '10343', 'P068', '4');
INSERT INTO `orddetails` VALUES ('1896', '10903', 'P068', '20');
INSERT INTO `orddetails` VALUES ('1897', '10869', 'P068', '20');
INSERT INTO `orddetails` VALUES ('1898', '10830', 'P068', '24');
INSERT INTO `orddetails` VALUES ('1899', '10334', 'P068', '10');
INSERT INTO `orddetails` VALUES ('1900', '10941', 'P068', '80');
INSERT INTO `orddetails` VALUES ('1901', '10385', 'P068', '8');
INSERT INTO `orddetails` VALUES ('1902', '10328', 'P068', '10');
INSERT INTO `orddetails` VALUES ('1903', '10722', 'P068', '45');
INSERT INTO `orddetails` VALUES ('1904', '11013', 'P068', '2');
INSERT INTO `orddetails` VALUES ('1905', '10399', 'P068', '60');
INSERT INTO `orddetails` VALUES ('1906', '10842', 'P068', '20');
INSERT INTO `orddetails` VALUES ('1907', '10307', 'P068', '3');
INSERT INTO `orddetails` VALUES ('1908', '10540', 'P068', '35');
INSERT INTO `orddetails` VALUES ('1909', '10756', 'P068', '6');
INSERT INTO `orddetails` VALUES ('1910', '10303', 'P068', '15');
INSERT INTO `orddetails` VALUES ('1911', '11048', 'P068', '42');
INSERT INTO `orddetails` VALUES ('1912', '10417', 'P068', '36');
INSERT INTO `orddetails` VALUES ('1913', '10888', 'P068', '18');
INSERT INTO `orddetails` VALUES ('1914', '10662', 'P068', '10');
INSERT INTO `orddetails` VALUES ('1915', '10490', 'P068', '30');
INSERT INTO `orddetails` VALUES ('1916', '10300', 'P068', '20');
INSERT INTO `orddetails` VALUES ('1917', '10460', 'P068', '21');
INSERT INTO `orddetails` VALUES ('1918', '11064', 'P068', '55');
INSERT INTO `orddetails` VALUES ('1919', '10288', 'P068', '3');
INSERT INTO `orddetails` VALUES ('1920', '10962', 'P069', '9');
INSERT INTO `orddetails` VALUES ('1921', '10693', 'P069', '30');
INSERT INTO `orddetails` VALUES ('1922', '10395', 'P069', '8');
INSERT INTO `orddetails` VALUES ('1923', '10667', 'P069', '45');
INSERT INTO `orddetails` VALUES ('1924', '10752', 'P069', '3');
INSERT INTO `orddetails` VALUES ('1925', '10583', 'P069', '10');
INSERT INTO `orddetails` VALUES ('1926', '11022', 'P069', '30');
INSERT INTO `orddetails` VALUES ('1927', '10493', 'P069', '10');
INSERT INTO `orddetails` VALUES ('1928', '10756', 'P069', '20');
INSERT INTO `orddetails` VALUES ('1929', '10755', 'P069', '25');
INSERT INTO `orddetails` VALUES ('1930', '10964', 'P069', '10');
INSERT INTO `orddetails` VALUES ('1931', '10350', 'P069', '18');
INSERT INTO `orddetails` VALUES ('1932', '10311', 'P069', '7');
INSERT INTO `orddetails` VALUES ('1933', '10296', 'P069', '15');
INSERT INTO `orddetails` VALUES ('1934', '10796', 'P069', '24');
INSERT INTO `orddetails` VALUES ('1935', '10356', 'P069', '20');
INSERT INTO `orddetails` VALUES ('1936', '10419', 'P069', '20');
INSERT INTO `orddetails` VALUES ('1937', '10593', 'P069', '20');
INSERT INTO `orddetails` VALUES ('1938', '10894', 'P069', '50');
INSERT INTO `orddetails` VALUES ('1939', '10407', 'P069', '15');
INSERT INTO `orddetails` VALUES ('1940', '10717', 'P069', '25');
INSERT INTO `orddetails` VALUES ('1941', '10595', 'P069', '65');
INSERT INTO `orddetails` VALUES ('1942', '10552', 'P069', '18');
INSERT INTO `orddetails` VALUES ('1943', '11033', 'P069', '36');
INSERT INTO `orddetails` VALUES ('1944', '10364', 'P069', '30');
INSERT INTO `orddetails` VALUES ('1945', '10392', 'P069', '50');
INSERT INTO `orddetails` VALUES ('1946', '10640', 'P069', '20');
INSERT INTO `orddetails` VALUES ('1947', '10308', 'P069', '1');
INSERT INTO `orddetails` VALUES ('1948', '10746', 'P069', '40');
INSERT INTO `orddetails` VALUES ('1949', '10529', 'P069', '10');
INSERT INTO `orddetails` VALUES ('1950', '10747', 'P069', '30');
INSERT INTO `orddetails` VALUES ('1951', '10485', 'P070', '60');
INSERT INTO `orddetails` VALUES ('1952', '10900', 'P070', '3');
INSERT INTO `orddetails` VALUES ('1953', '10810', 'P070', '5');
INSERT INTO `orddetails` VALUES ('1954', '10885', 'P070', '30');
INSERT INTO `orddetails` VALUES ('1955', '11062', 'P070', '12');
INSERT INTO `orddetails` VALUES ('1956', '10707', 'P070', '28');
INSERT INTO `orddetails` VALUES ('1957', '10991', 'P070', '20');
INSERT INTO `orddetails` VALUES ('1958', '11017', 'P070', '30');
INSERT INTO `orddetails` VALUES ('1959', '10299', 'P070', '20');
INSERT INTO `orddetails` VALUES ('1960', '10850', 'P070', '30');
INSERT INTO `orddetails` VALUES ('1961', '10538', 'P070', '7');
INSERT INTO `orddetails` VALUES ('1962', '10694', 'P070', '50');
INSERT INTO `orddetails` VALUES ('1963', '10476', 'P070', '12');
INSERT INTO `orddetails` VALUES ('1964', '10659', 'P070', '40');
INSERT INTO `orddetails` VALUES ('1965', '10697', 'P070', '30');
INSERT INTO `orddetails` VALUES ('1966', '10846', 'P070', '30');
INSERT INTO `orddetails` VALUES ('1967', '10698', 'P070', '8');
INSERT INTO `orddetails` VALUES ('1968', '10453', 'P070', '25');
INSERT INTO `orddetails` VALUES ('1969', '10420', 'P070', '8');
INSERT INTO `orddetails` VALUES ('1970', '10822', 'P070', '6');
INSERT INTO `orddetails` VALUES ('1971', '10880', 'P070', '50');
INSERT INTO `orddetails` VALUES ('1972', '11037', 'P070', '4');
INSERT INTO `orddetails` VALUES ('1973', '10758', 'P070', '40');
INSERT INTO `orddetails` VALUES ('1974', '10842', 'P070', '12');
INSERT INTO `orddetails` VALUES ('1975', '10824', 'P070', '9');
INSERT INTO `orddetails` VALUES ('1976', '10389', 'P070', '30');
INSERT INTO `orddetails` VALUES ('1977', '10858', 'P070', '4');
INSERT INTO `orddetails` VALUES ('1978', '10621', 'P070', '20');
INSERT INTO `orddetails` VALUES ('1979', '10315', 'P070', '30');
INSERT INTO `orddetails` VALUES ('1980', '11057', 'P070', '3');
INSERT INTO `orddetails` VALUES ('1981', '10616', 'P070', '15');
INSERT INTO `orddetails` VALUES ('1982', '10260', 'P070', '21');
INSERT INTO `orddetails` VALUES ('1983', '10517', 'P070', '6');
INSERT INTO `orddetails` VALUES ('1984', '10308', 'P070', '5');
INSERT INTO `orddetails` VALUES ('1985', '10265', 'P070', '20');
INSERT INTO `orddetails` VALUES ('1986', '10780', 'P070', '35');
INSERT INTO `orddetails` VALUES ('1987', '10640', 'P070', '15');
INSERT INTO `orddetails` VALUES ('1988', '10506', 'P070', '14');
INSERT INTO `orddetails` VALUES ('1989', '10380', 'P070', '30');
INSERT INTO `orddetails` VALUES ('1990', '10387', 'P071', '15');
INSERT INTO `orddetails` VALUES ('1991', '10771', 'P071', '16');
INSERT INTO `orddetails` VALUES ('1992', '10914', 'P071', '25');
INSERT INTO `orddetails` VALUES ('1993', '10364', 'P071', '5');
INSERT INTO `orddetails` VALUES ('1994', '10373', 'P071', '50');
INSERT INTO `orddetails` VALUES ('1995', '10646', 'P071', '30');
INSERT INTO `orddetails` VALUES ('1996', '10333', 'P071', '40');
INSERT INTO `orddetails` VALUES ('1997', '11031', 'P071', '16');
INSERT INTO `orddetails` VALUES ('1998', '11024', 'P071', '50');
INSERT INTO `orddetails` VALUES ('1999', '10473', 'P071', '12');
INSERT INTO `orddetails` VALUES ('2000', '10768', 'P071', '12');
INSERT INTO `orddetails` VALUES ('2001', '10378', 'P071', '6');
INSERT INTO `orddetails` VALUES ('2002', '10541', 'P071', '9');
INSERT INTO `orddetails` VALUES ('2003', '10901', 'P071', '30');
INSERT INTO `orddetails` VALUES ('2004', '11008', 'P071', '21');
INSERT INTO `orddetails` VALUES ('2005', '10621', 'P071', '15');
INSERT INTO `orddetails` VALUES ('2006', '11012', 'P071', '60');
INSERT INTO `orddetails` VALUES ('2007', '10626', 'P071', '20');
INSERT INTO `orddetails` VALUES ('2008', '10616', 'P071', '15');
INSERT INTO `orddetails` VALUES ('2009', '10320', 'P071', '30');
INSERT INTO `orddetails` VALUES ('2010', '10700', 'P071', '60');
INSERT INTO `orddetails` VALUES ('2011', '10447', 'P071', '2');
INSERT INTO `orddetails` VALUES ('2012', '10701', 'P071', '20');
INSERT INTO `orddetails` VALUES ('2013', '10274', 'P071', '20');
INSERT INTO `orddetails` VALUES ('2014', '10720', 'P071', '8');
INSERT INTO `orddetails` VALUES ('2015', '10401', 'P071', '60');
INSERT INTO `orddetails` VALUES ('2016', '10396', 'P071', '60');
INSERT INTO `orddetails` VALUES ('2017', '10407', 'P071', '15');
INSERT INTO `orddetails` VALUES ('2018', '10309', 'P071', '3');
INSERT INTO `orddetails` VALUES ('2019', '10667', 'P071', '14');
INSERT INTO `orddetails` VALUES ('2020', '11038', 'P071', '30');
INSERT INTO `orddetails` VALUES ('2021', '10938', 'P071', '35');
INSERT INTO `orddetails` VALUES ('2022', '10304', 'P071', '2');
INSERT INTO `orddetails` VALUES ('2023', '10847', 'P071', '55');
INSERT INTO `orddetails` VALUES ('2024', '10598', 'P071', '9');
INSERT INTO `orddetails` VALUES ('2025', '10715', 'P071', '30');
INSERT INTO `orddetails` VALUES ('2026', '10399', 'P071', '30');
INSERT INTO `orddetails` VALUES ('2027', '10605', 'P071', '15');
INSERT INTO `orddetails` VALUES ('2028', '10672', 'P071', '12');
INSERT INTO `orddetails` VALUES ('2029', '10455', 'P071', '30');
INSERT INTO `orddetails` VALUES ('2030', '10458', 'P071', '50');
INSERT INTO `orddetails` VALUES ('2031', '10337', 'P072', '25');
INSERT INTO `orddetails` VALUES ('2032', '10274', 'P072', '7');
INSERT INTO `orddetails` VALUES ('2033', '10268', 'P072', '4');
INSERT INTO `orddetails` VALUES ('2034', '10497', 'P072', '25');
INSERT INTO `orddetails` VALUES ('2035', '10248', 'P072', '5');
INSERT INTO `orddetails` VALUES ('2036', '10459', 'P072', '40');
INSERT INTO `orddetails` VALUES ('2037', '10283', 'P072', '3');
INSERT INTO `orddetails` VALUES ('2038', '10269', 'P072', '20');
INSERT INTO `orddetails` VALUES ('2039', '10272', 'P072', '24');
INSERT INTO `orddetails` VALUES ('2040', '10575', 'P072', '30');
INSERT INTO `orddetails` VALUES ('2041', '10390', 'P072', '24');
INSERT INTO `orddetails` VALUES ('2042', '10435', 'P072', '10');
INSERT INTO `orddetails` VALUES ('2043', '10987', 'P072', '20');
INSERT INTO `orddetails` VALUES ('2044', '10528', 'P072', '9');
INSERT INTO `orddetails` VALUES ('2045', '11021', 'P072', '35');
INSERT INTO `orddetails` VALUES ('2046', '10958', 'P072', '5');
INSERT INTO `orddetails` VALUES ('2047', '10533', 'P072', '24');
INSERT INTO `orddetails` VALUES ('2048', '10330', 'P072', '25');
INSERT INTO `orddetails` VALUES ('2049', '10556', 'P072', '24');
INSERT INTO `orddetails` VALUES ('2050', '10396', 'P072', '21');
INSERT INTO `orddetails` VALUES ('2051', '10992', 'P072', '2');
INSERT INTO `orddetails` VALUES ('2052', '10537', 'P072', '21');
INSERT INTO `orddetails` VALUES ('2053', '10325', 'P072', '40');
INSERT INTO `orddetails` VALUES ('2054', '10538', 'P072', '1');
INSERT INTO `orddetails` VALUES ('2055', '10839', 'P072', '15');
INSERT INTO `orddetails` VALUES ('2056', '10372', 'P072', '42');
INSERT INTO `orddetails` VALUES ('2057', '10297', 'P072', '20');
INSERT INTO `orddetails` VALUES ('2058', '10784', 'P072', '30');
INSERT INTO `orddetails` VALUES ('2059', '10638', 'P072', '60');
INSERT INTO `orddetails` VALUES ('2060', '10607', 'P072', '12');
INSERT INTO `orddetails` VALUES ('2061', '10932', 'P072', '16');
INSERT INTO `orddetails` VALUES ('2062', '10941', 'P072', '50');
INSERT INTO `orddetails` VALUES ('2063', '10798', 'P072', '10');
INSERT INTO `orddetails` VALUES ('2064', '10812', 'P072', '40');
INSERT INTO `orddetails` VALUES ('2065', '10649', 'P072', '15');
INSERT INTO `orddetails` VALUES ('2066', '10926', 'P072', '10');
INSERT INTO `orddetails` VALUES ('2067', '10742', 'P072', '35');
INSERT INTO `orddetails` VALUES ('2068', '10745', 'P072', '7');
INSERT INTO `orddetails` VALUES ('2069', '10751', 'P073', '15');
INSERT INTO `orddetails` VALUES ('2070', '10627', 'P073', '35');
INSERT INTO `orddetails` VALUES ('2071', '10420', 'P073', '20');
INSERT INTO `orddetails` VALUES ('2072', '10600', 'P073', '30');
INSERT INTO `orddetails` VALUES ('2073', '10558', 'P073', '3');
INSERT INTO `orddetails` VALUES ('2074', '10881', 'P073', '10');
INSERT INTO `orddetails` VALUES ('2075', '10278', 'P073', '25');
INSERT INTO `orddetails` VALUES ('2076', '10693', 'P073', '15');
INSERT INTO `orddetails` VALUES ('2077', '10703', 'P073', '35');
INSERT INTO `orddetails` VALUES ('2078', '10537', 'P073', '9');
INSERT INTO `orddetails` VALUES ('2079', '10670', 'P073', '50');
INSERT INTO `orddetails` VALUES ('2080', '10488', 'P073', '20');
INSERT INTO `orddetails` VALUES ('2081', '10533', 'P073', '24');
INSERT INTO `orddetails` VALUES ('2082', '11077', 'P073', '2');
INSERT INTO `orddetails` VALUES ('2083', '10381', 'P074', '14');
INSERT INTO `orddetails` VALUES ('2084', '10781', 'P074', '35');
INSERT INTO `orddetails` VALUES ('2085', '10439', 'P074', '30');
INSERT INTO `orddetails` VALUES ('2086', '10263', 'P074', '36');
INSERT INTO `orddetails` VALUES ('2087', '10846', 'P074', '20');
INSERT INTO `orddetails` VALUES ('2088', '10753', 'P074', '5');
INSERT INTO `orddetails` VALUES ('2089', '10382', 'P074', '50');
INSERT INTO `orddetails` VALUES ('2090', '10370', 'P074', '20');
INSERT INTO `orddetails` VALUES ('2091', '10998', 'P074', '20');
INSERT INTO `orddetails` VALUES ('2092', '10486', 'P074', '16');
INSERT INTO `orddetails` VALUES ('2093', '10254', 'P074', '21');
INSERT INTO `orddetails` VALUES ('2094', '10418', 'P074', '15');
INSERT INTO `orddetails` VALUES ('2095', '10806', 'P074', '15');
INSERT INTO `orddetails` VALUES ('2096', '10557', 'P075', '20');
INSERT INTO `orddetails` VALUES ('2097', '10722', 'P075', '42');
INSERT INTO `orddetails` VALUES ('2098', '10670', 'P075', '25');
INSERT INTO `orddetails` VALUES ('2099', '10785', 'P075', '10');
INSERT INTO `orddetails` VALUES ('2100', '10294', 'P075', '6');
INSERT INTO `orddetails` VALUES ('2101', '10581', 'P075', '50');
INSERT INTO `orddetails` VALUES ('2102', '10959', 'P075', '20');
INSERT INTO `orddetails` VALUES ('2103', '10460', 'P075', '4');
INSERT INTO `orddetails` VALUES ('2104', '10577', 'P075', '20');
INSERT INTO `orddetails` VALUES ('2105', '10293', 'P075', '6');
INSERT INTO `orddetails` VALUES ('2106', '10786', 'P075', '42');
INSERT INTO `orddetails` VALUES ('2107', '11077', 'P075', '4');
INSERT INTO `orddetails` VALUES ('2108', '10773', 'P075', '7');
INSERT INTO `orddetails` VALUES ('2109', '10634', 'P075', '2');
INSERT INTO `orddetails` VALUES ('2110', '10955', 'P075', '12');
INSERT INTO `orddetails` VALUES ('2111', '10510', 'P075', '36');
INSERT INTO `orddetails` VALUES ('2112', '10579', 'P075', '21');
INSERT INTO `orddetails` VALUES ('2113', '10436', 'P075', '24');
INSERT INTO `orddetails` VALUES ('2114', '10596', 'P075', '30');
INSERT INTO `orddetails` VALUES ('2115', '10572', 'P075', '15');
INSERT INTO `orddetails` VALUES ('2116', '10682', 'P075', '30');
INSERT INTO `orddetails` VALUES ('2117', '10907', 'P075', '14');
INSERT INTO `orddetails` VALUES ('2118', '10951', 'P075', '50');
INSERT INTO `orddetails` VALUES ('2119', '10326', 'P075', '50');
INSERT INTO `orddetails` VALUES ('2120', '10312', 'P075', '10');
INSERT INTO `orddetails` VALUES ('2121', '10613', 'P075', '40');
INSERT INTO `orddetails` VALUES ('2122', '10819', 'P075', '20');
INSERT INTO `orddetails` VALUES ('2123', '10932', 'P075', '20');
INSERT INTO `orddetails` VALUES ('2124', '10761', 'P075', '18');
INSERT INTO `orddetails` VALUES ('2125', '10363', 'P075', '12');
INSERT INTO `orddetails` VALUES ('2126', '10973', 'P075', '10');
INSERT INTO `orddetails` VALUES ('2127', '10347', 'P075', '6');
INSERT INTO `orddetails` VALUES ('2128', '10975', 'P075', '10');
INSERT INTO `orddetails` VALUES ('2129', '10280', 'P075', '30');
INSERT INTO `orddetails` VALUES ('2130', '10929', 'P075', '49');
INSERT INTO `orddetails` VALUES ('2131', '10474', 'P075', '10');
INSERT INTO `orddetails` VALUES ('2132', '10788', 'P075', '40');
INSERT INTO `orddetails` VALUES ('2133', '10924', 'P075', '6');
INSERT INTO `orddetails` VALUES ('2134', '10980', 'P075', '40');
INSERT INTO `orddetails` VALUES ('2135', '10514', 'P075', '50');
INSERT INTO `orddetails` VALUES ('2136', '10736', 'P075', '20');
INSERT INTO `orddetails` VALUES ('2137', '10631', 'P075', '8');
INSERT INTO `orddetails` VALUES ('2138', '10490', 'P075', '36');
INSERT INTO `orddetails` VALUES ('2139', '10894', 'P075', '120');
INSERT INTO `orddetails` VALUES ('2140', '10998', 'P075', '30');
INSERT INTO `orddetails` VALUES ('2141', '10552', 'P075', '30');
INSERT INTO `orddetails` VALUES ('2142', '10475', 'P076', '42');
INSERT INTO `orddetails` VALUES ('2143', '10318', 'P076', '6');
INSERT INTO `orddetails` VALUES ('2144', '11050', 'P076', '50');
INSERT INTO `orddetails` VALUES ('2145', '11004', 'P076', '6');
INSERT INTO `orddetails` VALUES ('2146', '10434', 'P076', '18');
INSERT INTO `orddetails` VALUES ('2147', '10593', 'P076', '4');
INSERT INTO `orddetails` VALUES ('2148', '10566', 'P076', '10');
INSERT INTO `orddetails` VALUES ('2149', '10582', 'P076', '14');
INSERT INTO `orddetails` VALUES ('2150', '10569', 'P076', '30');
INSERT INTO `orddetails` VALUES ('2151', '10575', 'P076', '10');
INSERT INTO `orddetails` VALUES ('2152', '10612', 'P076', '80');
INSERT INTO `orddetails` VALUES ('2153', '10837', 'P076', '21');
INSERT INTO `orddetails` VALUES ('2154', '10860', 'P076', '20');
INSERT INTO `orddetails` VALUES ('2155', '10319', 'P076', '30');
INSERT INTO `orddetails` VALUES ('2156', '10425', 'P076', '20');
INSERT INTO `orddetails` VALUES ('2157', '10665', 'P076', '10');
INSERT INTO `orddetails` VALUES ('2158', '10962', 'P076', '44');
INSERT INTO `orddetails` VALUES ('2159', '10702', 'P076', '15');
INSERT INTO `orddetails` VALUES ('2160', '10604', 'P076', '10');
INSERT INTO `orddetails` VALUES ('2161', '10961', 'P076', '60');
INSERT INTO `orddetails` VALUES ('2162', '10701', 'P076', '35');
INSERT INTO `orddetails` VALUES ('2163', '10413', 'P076', '14');
INSERT INTO `orddetails` VALUES ('2164', '10343', 'P076', '15');
INSERT INTO `orddetails` VALUES ('2165', '10808', 'P076', '50');
INSERT INTO `orddetails` VALUES ('2166', '10749', 'P076', '10');
INSERT INTO `orddetails` VALUES ('2167', '10363', 'P076', '12');
INSERT INTO `orddetails` VALUES ('2168', '10928', 'P076', '5');
INSERT INTO `orddetails` VALUES ('2169', '10530', 'P076', '50');
INSERT INTO `orddetails` VALUES ('2170', '10630', 'P076', '35');
INSERT INTO `orddetails` VALUES ('2171', '11075', 'P076', '2');
INSERT INTO `orddetails` VALUES ('2172', '10267', 'P076', '15');
INSERT INTO `orddetails` VALUES ('2173', '10879', 'P076', '10');
INSERT INTO `orddetails` VALUES ('2174', '10732', 'P076', '20');
INSERT INTO `orddetails` VALUES ('2175', '10986', 'P076', '10');
INSERT INTO `orddetails` VALUES ('2176', '10734', 'P076', '20');
INSERT INTO `orddetails` VALUES ('2177', '10927', 'P076', '20');
INSERT INTO `orddetails` VALUES ('2178', '10273', 'P076', '33');
INSERT INTO `orddetails` VALUES ('2179', '10991', 'P076', '90');
INSERT INTO `orddetails` VALUES ('2180', '10399', 'P076', '35');
INSERT INTO `orddetails` VALUES ('2181', '10483', 'P077', '30');
INSERT INTO `orddetails` VALUES ('2182', '10554', 'P077', '10');
INSERT INTO `orddetails` VALUES ('2183', '10497', 'P077', '25');
INSERT INTO `orddetails` VALUES ('2184', '10835', 'P077', '2');
INSERT INTO `orddetails` VALUES ('2185', '10841', 'P077', '15');
INSERT INTO `orddetails` VALUES ('2186', '10735', 'P077', '2');
INSERT INTO `orddetails` VALUES ('2187', '10812', 'P077', '20');
INSERT INTO `orddetails` VALUES ('2188', '10367', 'P077', '7');
INSERT INTO `orddetails` VALUES ('2189', '10577', 'P077', '18');
INSERT INTO `orddetails` VALUES ('2190', '10646', 'P077', '35');
INSERT INTO `orddetails` VALUES ('2191', '10495', 'P077', '5');
INSERT INTO `orddetails` VALUES ('2192', '10780', 'P077', '15');
INSERT INTO `orddetails` VALUES ('2193', '10587', 'P077', '20');
INSERT INTO `orddetails` VALUES ('2194', '10946', 'P077', '40');
INSERT INTO `orddetails` VALUES ('2195', '10366', 'P077', '5');
INSERT INTO `orddetails` VALUES ('2196', '10590', 'P077', '60');
INSERT INTO `orddetails` VALUES ('2197', '11077', 'P077', '2');
INSERT INTO `orddetails` VALUES ('2198', '10999', 'P077', '21');
INSERT INTO `orddetails` VALUES ('2199', '10823', 'P077', '15');
INSERT INTO `orddetails` VALUES ('2200', '10451', 'P077', '55');
INSERT INTO `orddetails` VALUES ('2201', '10690', 'P077', '30');
INSERT INTO `orddetails` VALUES ('2202', '11060', 'P077', '10');
INSERT INTO `orddetails` VALUES ('2203', '10929', 'P077', '15');
INSERT INTO `orddetails` VALUES ('2204', '10421', 'P077', '10');
INSERT INTO `orddetails` VALUES ('2205', '11000', 'P077', '30');
INSERT INTO `orddetails` VALUES ('2206', '10491', 'P077', '7');
INSERT INTO `orddetails` VALUES ('2207', '10399', 'P077', '14');
INSERT INTO `orddetails` VALUES ('2208', '10986', 'P077', '15');
INSERT INTO `orddetails` VALUES ('2209', '10885', 'P077', '25');
INSERT INTO `orddetails` VALUES ('2210', '11015', 'P077', '18');
INSERT INTO `orddetails` VALUES ('2211', '10257', 'P077', '15');
INSERT INTO `orddetails` VALUES ('2212', '10417', 'P077', '35');
INSERT INTO `orddetails` VALUES ('2213', '10256', 'P077', '12');
INSERT INTO `orddetails` VALUES ('2214', '10886', 'P077', '40');
INSERT INTO `orddetails` VALUES ('2215', '10602', 'P077', '5');
INSERT INTO `orddetails` VALUES ('2216', '10658', 'P077', '70');
INSERT INTO `orddetails` VALUES ('2217', '10290', 'P077', '10');
INSERT INTO `orddetails` VALUES ('2218', '11068', 'P077', '28');

-- ----------------------------
-- Table structure for `ordmaster`
-- ----------------------------
DROP TABLE IF EXISTS `ordmaster`;
CREATE TABLE `ordmaster` (
  `omNo` char(5) CHARACTER SET utf8 NOT NULL,
  `cusNo` char(4) CHARACTER SET utf8 DEFAULT NULL,
  `empNo` char(4) CHARACTER SET utf8 DEFAULT NULL,
  `ordDate` date DEFAULT NULL,
  `transFee` int(11) DEFAULT NULL,
  PRIMARY KEY (`omNo`),
  UNIQUE KEY `omNoIndex` (`omNo`),
  KEY `cusNoFKey` (`cusNo`),
  KEY `empNoFKey` (`empNo`),
  CONSTRAINT `cusNoFKey` FOREIGN KEY (`cusNo`) REFERENCES `customer` (`cusNo`),
  CONSTRAINT `empNoFKey` FOREIGN KEY (`empNo`) REFERENCES `employee` (`empNo`)
) ENGINE=InnoDB DEFAULT CHARSET=utf8 COLLATE=utf8_unicode_ci;

-- ----------------------------
-- Records of ordmaster
-- ----------------------------
INSERT INTO `ordmaster` VALUES ('10248', 'C085', 'E005', '1996-07-04', '32');
INSERT INTO `ordmaster` VALUES ('10249', 'C079', 'E006', '1996-07-05', '12');
INSERT INTO `ordmaster` VALUES ('10250', 'C034', 'E004', '1996-07-08', '66');
INSERT INTO `ordmaster` VALUES ('10251', 'C084', 'E003', '1996-07-08', '41');
INSERT INTO `ordmaster` VALUES ('10252', 'C076', 'E004', '1996-07-09', '51');
INSERT INTO `ordmaster` VALUES ('10253', 'C034', 'E003', '1996-07-10', '58');
INSERT INTO `ordmaster` VALUES ('10254', 'C014', 'E005', '1996-07-11', '23');
INSERT INTO `ordmaster` VALUES ('10255', 'C068', 'E009', '1996-07-12', '148');
INSERT INTO `ordmaster` VALUES ('10256', 'C088', 'E003', '1996-07-15', '14');
INSERT INTO `ordmaster` VALUES ('10257', 'C035', 'E004', '1996-07-16', '82');
INSERT INTO `ordmaster` VALUES ('10258', 'C020', 'E001', '1996-07-17', '141');
INSERT INTO `ordmaster` VALUES ('10259', 'C013', 'E004', '1996-07-18', '3');
INSERT INTO `ordmaster` VALUES ('10260', 'C056', 'E004', '1996-07-19', '55');
INSERT INTO `ordmaster` VALUES ('10261', 'C061', 'E004', '1996-07-19', '3');
INSERT INTO `ordmaster` VALUES ('10262', 'C065', 'E008', '1996-07-22', '48');
INSERT INTO `ordmaster` VALUES ('10263', 'C020', 'E009', '1996-07-23', '146');
INSERT INTO `ordmaster` VALUES ('10264', 'C024', 'E006', '1996-07-24', '4');
INSERT INTO `ordmaster` VALUES ('10265', 'C007', 'E002', '1996-07-25', '55');
INSERT INTO `ordmaster` VALUES ('10266', 'C087', 'E003', '1996-07-26', '26');
INSERT INTO `ordmaster` VALUES ('10267', 'C025', 'E004', '1996-07-29', '209');
INSERT INTO `ordmaster` VALUES ('10268', 'C033', 'E008', '1996-07-30', '66');
INSERT INTO `ordmaster` VALUES ('10269', 'C089', 'E005', '1996-07-31', '5');
INSERT INTO `ordmaster` VALUES ('10270', 'C087', 'E001', '1996-08-01', '137');
INSERT INTO `ordmaster` VALUES ('10271', 'C075', 'E006', '1996-08-01', '5');
INSERT INTO `ordmaster` VALUES ('10272', 'C065', 'E006', '1996-08-02', '98');
INSERT INTO `ordmaster` VALUES ('10273', 'C063', 'E003', '1996-08-05', '76');
INSERT INTO `ordmaster` VALUES ('10274', 'C085', 'E006', '1996-08-06', '6');
INSERT INTO `ordmaster` VALUES ('10275', 'C049', 'E001', '1996-08-07', '27');
INSERT INTO `ordmaster` VALUES ('10276', 'C080', 'E008', '1996-08-08', '14');
INSERT INTO `ordmaster` VALUES ('10277', 'C052', 'E002', '1996-08-09', '126');
INSERT INTO `ordmaster` VALUES ('10278', 'C005', 'E008', '1996-08-12', '93');
INSERT INTO `ordmaster` VALUES ('10279', 'C044', 'E008', '1996-08-13', '26');
INSERT INTO `ordmaster` VALUES ('10280', 'C005', 'E002', '1996-08-14', '9');
INSERT INTO `ordmaster` VALUES ('10281', 'C069', 'E004', '1996-08-14', '3');
INSERT INTO `ordmaster` VALUES ('10282', 'C069', 'E004', '1996-08-15', '13');
INSERT INTO `ordmaster` VALUES ('10283', 'C046', 'E003', '1996-08-16', '85');
INSERT INTO `ordmaster` VALUES ('10284', 'C044', 'E004', '1996-08-19', '77');
INSERT INTO `ordmaster` VALUES ('10285', 'C063', 'E001', '1996-08-20', '77');
INSERT INTO `ordmaster` VALUES ('10286', 'C063', 'E008', '1996-08-21', '229');
INSERT INTO `ordmaster` VALUES ('10287', 'C067', 'E008', '1996-08-22', '13');
INSERT INTO `ordmaster` VALUES ('10288', 'C066', 'E004', '1996-08-23', '7');
INSERT INTO `ordmaster` VALUES ('10289', 'C011', 'E007', '1996-08-26', '23');
INSERT INTO `ordmaster` VALUES ('10290', 'C015', 'E008', '1996-08-27', '80');
INSERT INTO `ordmaster` VALUES ('10291', 'C061', 'E006', '1996-08-27', '6');
INSERT INTO `ordmaster` VALUES ('10292', 'C081', 'E001', '1996-08-28', '1');
INSERT INTO `ordmaster` VALUES ('10293', 'C080', 'E001', '1996-08-29', '21');
INSERT INTO `ordmaster` VALUES ('10294', 'C065', 'E004', '1996-08-30', '147');
INSERT INTO `ordmaster` VALUES ('10295', 'C085', 'E002', '1996-09-02', '1');
INSERT INTO `ordmaster` VALUES ('10296', 'C046', 'E006', '1996-09-03', '0');
INSERT INTO `ordmaster` VALUES ('10297', 'C007', 'E005', '1996-09-04', '6');
INSERT INTO `ordmaster` VALUES ('10298', 'C037', 'E006', '1996-09-05', '168');
INSERT INTO `ordmaster` VALUES ('10299', 'C067', 'E004', '1996-09-06', '30');
INSERT INTO `ordmaster` VALUES ('10300', 'C049', 'E002', '1996-09-09', '18');
INSERT INTO `ordmaster` VALUES ('10301', 'C086', 'E008', '1996-09-09', '45');
INSERT INTO `ordmaster` VALUES ('10302', 'C076', 'E004', '1996-09-10', '6');
INSERT INTO `ordmaster` VALUES ('10303', 'C030', 'E007', '1996-09-11', '108');
INSERT INTO `ordmaster` VALUES ('10304', 'C080', 'E001', '1996-09-12', '64');
INSERT INTO `ordmaster` VALUES ('10305', 'C055', 'E008', '1996-09-13', '258');
INSERT INTO `ordmaster` VALUES ('10306', 'C069', 'E001', '1996-09-16', '8');
INSERT INTO `ordmaster` VALUES ('10307', 'C048', 'E002', '1996-09-17', '1');
INSERT INTO `ordmaster` VALUES ('10308', 'C092', 'E007', '1996-09-18', '2');
INSERT INTO `ordmaster` VALUES ('10309', 'C037', 'E003', '1996-09-19', '47');
INSERT INTO `ordmaster` VALUES ('10310', 'C077', 'E008', '1996-09-20', '18');
INSERT INTO `ordmaster` VALUES ('10311', 'C018', 'E001', '1996-09-20', '25');
INSERT INTO `ordmaster` VALUES ('10312', 'C086', 'E002', '1996-09-23', '40');
INSERT INTO `ordmaster` VALUES ('10313', 'C063', 'E002', '1996-09-24', '2');
INSERT INTO `ordmaster` VALUES ('10314', 'C065', 'E001', '1996-09-25', '74');
INSERT INTO `ordmaster` VALUES ('10315', 'C038', 'E004', '1996-09-26', '42');
INSERT INTO `ordmaster` VALUES ('10316', 'C065', 'E001', '1996-09-27', '150');
INSERT INTO `ordmaster` VALUES ('10317', 'C048', 'E006', '1996-09-30', '13');
INSERT INTO `ordmaster` VALUES ('10318', 'C038', 'E008', '1996-10-01', '5');
INSERT INTO `ordmaster` VALUES ('10319', 'C080', 'E007', '1996-10-02', '64');
INSERT INTO `ordmaster` VALUES ('10320', 'C087', 'E005', '1996-10-03', '35');
INSERT INTO `ordmaster` VALUES ('10321', 'C038', 'E003', '1996-10-03', '3');
INSERT INTO `ordmaster` VALUES ('10322', 'C058', 'E007', '1996-10-04', '0');
INSERT INTO `ordmaster` VALUES ('10323', 'C039', 'E004', '1996-10-07', '5');
INSERT INTO `ordmaster` VALUES ('10324', 'C071', 'E009', '1996-10-08', '214');
INSERT INTO `ordmaster` VALUES ('10325', 'C039', 'E001', '1996-10-09', '65');
INSERT INTO `ordmaster` VALUES ('10326', 'C008', 'E004', '1996-10-10', '78');
INSERT INTO `ordmaster` VALUES ('10327', 'C024', 'E002', '1996-10-11', '63');
INSERT INTO `ordmaster` VALUES ('10328', 'C028', 'E004', '1996-10-14', '87');
INSERT INTO `ordmaster` VALUES ('10329', 'C075', 'E004', '1996-10-15', '192');
INSERT INTO `ordmaster` VALUES ('10330', 'C046', 'E003', '1996-10-16', '13');
INSERT INTO `ordmaster` VALUES ('10331', 'C009', 'E009', '1996-10-16', '10');
INSERT INTO `ordmaster` VALUES ('10332', 'C051', 'E003', '1996-10-17', '53');
INSERT INTO `ordmaster` VALUES ('10333', 'C087', 'E005', '1996-10-18', '1');
INSERT INTO `ordmaster` VALUES ('10334', 'C084', 'E008', '1996-10-21', '9');
INSERT INTO `ordmaster` VALUES ('10335', 'C037', 'E007', '1996-10-22', '42');
INSERT INTO `ordmaster` VALUES ('10336', 'C060', 'E007', '1996-10-23', '16');
INSERT INTO `ordmaster` VALUES ('10337', 'C025', 'E004', '1996-10-24', '108');
INSERT INTO `ordmaster` VALUES ('10338', 'C055', 'E004', '1996-10-25', '84');
INSERT INTO `ordmaster` VALUES ('10339', 'C051', 'E002', '1996-10-28', '16');
INSERT INTO `ordmaster` VALUES ('10340', 'C009', 'E001', '1996-10-29', '166');
INSERT INTO `ordmaster` VALUES ('10341', 'C073', 'E007', '1996-10-29', '27');
INSERT INTO `ordmaster` VALUES ('10342', 'C025', 'E004', '1996-10-30', '55');
INSERT INTO `ordmaster` VALUES ('10343', 'C044', 'E004', '1996-10-31', '110');
INSERT INTO `ordmaster` VALUES ('10344', 'C089', 'E004', '1996-11-01', '23');
INSERT INTO `ordmaster` VALUES ('10345', 'C063', 'E002', '1996-11-04', '249');
INSERT INTO `ordmaster` VALUES ('10346', 'C065', 'E003', '1996-11-05', '142');
INSERT INTO `ordmaster` VALUES ('10347', 'C021', 'E004', '1996-11-06', '3');
INSERT INTO `ordmaster` VALUES ('10348', 'C086', 'E004', '1996-11-07', '1');
INSERT INTO `ordmaster` VALUES ('10349', 'C075', 'E007', '1996-11-08', '9');
INSERT INTO `ordmaster` VALUES ('10350', 'C041', 'E006', '1996-11-11', '64');
INSERT INTO `ordmaster` VALUES ('10351', 'C020', 'E001', '1996-11-11', '162');
INSERT INTO `ordmaster` VALUES ('10352', 'C028', 'E003', '1996-11-12', '1');
INSERT INTO `ordmaster` VALUES ('10353', 'C059', 'E007', '1996-11-13', '361');
INSERT INTO `ordmaster` VALUES ('10354', 'C058', 'E008', '1996-11-14', '54');
INSERT INTO `ordmaster` VALUES ('10355', 'C092', 'E006', '1996-11-15', '42');
INSERT INTO `ordmaster` VALUES ('10356', 'C086', 'E006', '1996-11-18', '37');
INSERT INTO `ordmaster` VALUES ('10357', 'C046', 'E001', '1996-11-19', '35');
INSERT INTO `ordmaster` VALUES ('10358', 'C041', 'E005', '1996-11-20', '20');
INSERT INTO `ordmaster` VALUES ('10359', 'C072', 'E005', '1996-11-21', '288');
INSERT INTO `ordmaster` VALUES ('10360', 'C007', 'E004', '1996-11-22', '132');
INSERT INTO `ordmaster` VALUES ('10361', 'C063', 'E001', '1996-11-22', '183');
INSERT INTO `ordmaster` VALUES ('10362', 'C009', 'E003', '1996-11-25', '96');
INSERT INTO `ordmaster` VALUES ('10363', 'C017', 'E004', '1996-11-26', '31');
INSERT INTO `ordmaster` VALUES ('10364', 'C019', 'E001', '1996-11-26', '72');
INSERT INTO `ordmaster` VALUES ('10365', 'C003', 'E003', '1996-11-27', '22');
INSERT INTO `ordmaster` VALUES ('10366', 'C029', 'E008', '1996-11-28', '10');
INSERT INTO `ordmaster` VALUES ('10367', 'C083', 'E007', '1996-11-28', '14');
INSERT INTO `ordmaster` VALUES ('10368', 'C020', 'E002', '1996-11-29', '102');
INSERT INTO `ordmaster` VALUES ('10369', 'C075', 'E008', '1996-12-02', '196');
INSERT INTO `ordmaster` VALUES ('10370', 'C014', 'E006', '1996-12-03', '1');
INSERT INTO `ordmaster` VALUES ('10371', 'C041', 'E001', '1996-12-03', '0');
INSERT INTO `ordmaster` VALUES ('10372', 'C062', 'E005', '1996-12-04', '891');
INSERT INTO `ordmaster` VALUES ('10373', 'C037', 'E004', '1996-12-05', '124');
INSERT INTO `ordmaster` VALUES ('10374', 'C091', 'E001', '1996-12-05', '4');
INSERT INTO `ordmaster` VALUES ('10375', 'C036', 'E003', '1996-12-06', '20');
INSERT INTO `ordmaster` VALUES ('10376', 'C051', 'E001', '1996-12-09', '20');
INSERT INTO `ordmaster` VALUES ('10377', 'C072', 'E001', '1996-12-09', '22');
INSERT INTO `ordmaster` VALUES ('10378', 'C024', 'E005', '1996-12-10', '5');
INSERT INTO `ordmaster` VALUES ('10379', 'C061', 'E002', '1996-12-11', '45');
INSERT INTO `ordmaster` VALUES ('10380', 'C037', 'E008', '1996-12-12', '35');
INSERT INTO `ordmaster` VALUES ('10381', 'C046', 'E003', '1996-12-12', '8');
INSERT INTO `ordmaster` VALUES ('10382', 'C020', 'E004', '1996-12-13', '95');
INSERT INTO `ordmaster` VALUES ('10383', 'C004', 'E008', '1996-12-16', '34');
INSERT INTO `ordmaster` VALUES ('10384', 'C005', 'E003', '1996-12-16', '169');
INSERT INTO `ordmaster` VALUES ('10385', 'C075', 'E001', '1996-12-17', '31');
INSERT INTO `ordmaster` VALUES ('10386', 'C021', 'E009', '1996-12-18', '14');
INSERT INTO `ordmaster` VALUES ('10387', 'C070', 'E001', '1996-12-18', '94');
INSERT INTO `ordmaster` VALUES ('10388', 'C072', 'E002', '1996-12-19', '35');
INSERT INTO `ordmaster` VALUES ('10389', 'C010', 'E004', '1996-12-20', '47');
INSERT INTO `ordmaster` VALUES ('10390', 'C020', 'E006', '1996-12-23', '126');
INSERT INTO `ordmaster` VALUES ('10391', 'C017', 'E003', '1996-12-23', '5');
INSERT INTO `ordmaster` VALUES ('10392', 'C059', 'E002', '1996-12-24', '122');
INSERT INTO `ordmaster` VALUES ('10393', 'C071', 'E001', '1996-12-25', '127');
INSERT INTO `ordmaster` VALUES ('10394', 'C036', 'E001', '1996-12-25', '30');
INSERT INTO `ordmaster` VALUES ('10395', 'C035', 'E006', '1996-12-26', '184');
INSERT INTO `ordmaster` VALUES ('10396', 'C025', 'E001', '1996-12-27', '135');
INSERT INTO `ordmaster` VALUES ('10397', 'C060', 'E005', '1996-12-27', '60');
INSERT INTO `ordmaster` VALUES ('10398', 'C071', 'E002', '1996-12-30', '89');
INSERT INTO `ordmaster` VALUES ('10399', 'C083', 'E008', '1996-12-31', '27');
INSERT INTO `ordmaster` VALUES ('10400', 'C019', 'E001', '1997-01-01', '84');
INSERT INTO `ordmaster` VALUES ('10401', 'C065', 'E001', '1997-01-01', '13');
INSERT INTO `ordmaster` VALUES ('10402', 'C020', 'E008', '1997-01-02', '68');
INSERT INTO `ordmaster` VALUES ('10403', 'C020', 'E004', '1997-01-03', '74');
INSERT INTO `ordmaster` VALUES ('10404', 'C049', 'E002', '1997-01-03', '156');
INSERT INTO `ordmaster` VALUES ('10405', 'C047', 'E001', '1997-01-06', '35');
INSERT INTO `ordmaster` VALUES ('10406', 'C062', 'E007', '1997-01-07', '108');
INSERT INTO `ordmaster` VALUES ('10407', 'C056', 'E002', '1997-01-07', '91');
INSERT INTO `ordmaster` VALUES ('10408', 'C023', 'E008', '1997-01-08', '11');
INSERT INTO `ordmaster` VALUES ('10409', 'C054', 'E003', '1997-01-09', '30');
INSERT INTO `ordmaster` VALUES ('10410', 'C010', 'E003', '1997-01-10', '2');
INSERT INTO `ordmaster` VALUES ('10411', 'C010', 'E009', '1997-01-10', '24');
INSERT INTO `ordmaster` VALUES ('10412', 'C087', 'E008', '1997-01-13', '4');
INSERT INTO `ordmaster` VALUES ('10413', 'C041', 'E003', '1997-01-14', '96');
INSERT INTO `ordmaster` VALUES ('10414', 'C021', 'E002', '1997-01-14', '21');
INSERT INTO `ordmaster` VALUES ('10415', 'C036', 'E003', '1997-01-15', '0');
INSERT INTO `ordmaster` VALUES ('10416', 'C087', 'E008', '1997-01-16', '23');
INSERT INTO `ordmaster` VALUES ('10417', 'C073', 'E004', '1997-01-16', '70');
INSERT INTO `ordmaster` VALUES ('10418', 'C063', 'E004', '1997-01-17', '18');
INSERT INTO `ordmaster` VALUES ('10419', 'C068', 'E004', '1997-01-20', '137');
INSERT INTO `ordmaster` VALUES ('10420', 'C088', 'E003', '1997-01-21', '44');
INSERT INTO `ordmaster` VALUES ('10421', 'C061', 'E008', '1997-01-21', '99');
INSERT INTO `ordmaster` VALUES ('10422', 'C027', 'E002', '1997-01-22', '3');
INSERT INTO `ordmaster` VALUES ('10423', 'C031', 'E006', '1997-01-23', '24');
INSERT INTO `ordmaster` VALUES ('10424', 'C051', 'E007', '1997-01-23', '371');
INSERT INTO `ordmaster` VALUES ('10425', 'C041', 'E006', '1997-01-24', '8');
INSERT INTO `ordmaster` VALUES ('10426', 'C029', 'E004', '1997-01-27', '19');
INSERT INTO `ordmaster` VALUES ('10427', 'C059', 'E004', '1997-01-27', '31');
INSERT INTO `ordmaster` VALUES ('10428', 'C066', 'E007', '1997-01-28', '11');
INSERT INTO `ordmaster` VALUES ('10429', 'C037', 'E003', '1997-01-29', '57');
INSERT INTO `ordmaster` VALUES ('10430', 'C020', 'E004', '1997-01-30', '459');
INSERT INTO `ordmaster` VALUES ('10431', 'C010', 'E004', '1997-01-30', '44');
INSERT INTO `ordmaster` VALUES ('10432', 'C075', 'E003', '1997-01-31', '4');
INSERT INTO `ordmaster` VALUES ('10433', 'C060', 'E003', '1997-02-03', '74');
INSERT INTO `ordmaster` VALUES ('10434', 'C024', 'E003', '1997-02-03', '18');
INSERT INTO `ordmaster` VALUES ('10435', 'C016', 'E008', '1997-02-04', '9');
INSERT INTO `ordmaster` VALUES ('10436', 'C007', 'E003', '1997-02-05', '157');
INSERT INTO `ordmaster` VALUES ('10437', 'C087', 'E008', '1997-02-05', '20');
INSERT INTO `ordmaster` VALUES ('10438', 'C079', 'E003', '1997-02-06', '8');
INSERT INTO `ordmaster` VALUES ('10439', 'C051', 'E006', '1997-02-07', '4');
INSERT INTO `ordmaster` VALUES ('10440', 'C071', 'E004', '1997-02-10', '87');
INSERT INTO `ordmaster` VALUES ('10441', 'C055', 'E003', '1997-02-10', '73');
INSERT INTO `ordmaster` VALUES ('10442', 'C020', 'E003', '1997-02-11', '48');
INSERT INTO `ordmaster` VALUES ('10443', 'C066', 'E008', '1997-02-12', '14');
INSERT INTO `ordmaster` VALUES ('10444', 'C005', 'E003', '1997-02-12', '4');
INSERT INTO `ordmaster` VALUES ('10445', 'C005', 'E003', '1997-02-13', '9');
INSERT INTO `ordmaster` VALUES ('10446', 'C079', 'E006', '1997-02-14', '15');
INSERT INTO `ordmaster` VALUES ('10447', 'C067', 'E004', '1997-02-14', '69');
INSERT INTO `ordmaster` VALUES ('10448', 'C064', 'E004', '1997-02-17', '39');
INSERT INTO `ordmaster` VALUES ('10449', 'C007', 'E003', '1997-02-18', '53');
INSERT INTO `ordmaster` VALUES ('10450', 'C084', 'E008', '1997-02-19', '7');
INSERT INTO `ordmaster` VALUES ('10451', 'C063', 'E004', '1997-02-19', '189');
INSERT INTO `ordmaster` VALUES ('10452', 'C071', 'E008', '1997-02-20', '140');
INSERT INTO `ordmaster` VALUES ('10453', 'C004', 'E001', '1997-02-21', '25');
INSERT INTO `ordmaster` VALUES ('10454', 'C041', 'E004', '1997-02-21', '3');
INSERT INTO `ordmaster` VALUES ('10455', 'C087', 'E008', '1997-02-24', '180');
INSERT INTO `ordmaster` VALUES ('10456', 'C039', 'E008', '1997-02-25', '8');
INSERT INTO `ordmaster` VALUES ('10457', 'C039', 'E002', '1997-02-25', '12');
INSERT INTO `ordmaster` VALUES ('10458', 'C076', 'E007', '1997-02-26', '147');
INSERT INTO `ordmaster` VALUES ('10459', 'C084', 'E004', '1997-02-27', '25');
INSERT INTO `ordmaster` VALUES ('10460', 'C024', 'E008', '1997-02-28', '16');
INSERT INTO `ordmaster` VALUES ('10461', 'C046', 'E001', '1997-02-28', '149');
INSERT INTO `ordmaster` VALUES ('10462', 'C016', 'E002', '1997-03-03', '6');
INSERT INTO `ordmaster` VALUES ('10463', 'C076', 'E005', '1997-03-04', '15');
INSERT INTO `ordmaster` VALUES ('10464', 'C028', 'E004', '1997-03-04', '89');
INSERT INTO `ordmaster` VALUES ('10465', 'C083', 'E001', '1997-03-05', '145');
INSERT INTO `ordmaster` VALUES ('10466', 'C015', 'E004', '1997-03-06', '12');
INSERT INTO `ordmaster` VALUES ('10467', 'C049', 'E008', '1997-03-06', '5');
INSERT INTO `ordmaster` VALUES ('10468', 'C039', 'E003', '1997-03-07', '44');
INSERT INTO `ordmaster` VALUES ('10469', 'C089', 'E001', '1997-03-10', '60');
INSERT INTO `ordmaster` VALUES ('10470', 'C009', 'E004', '1997-03-11', '65');
INSERT INTO `ordmaster` VALUES ('10471', 'C011', 'E002', '1997-03-11', '46');
INSERT INTO `ordmaster` VALUES ('10472', 'C072', 'E008', '1997-03-12', '4');
INSERT INTO `ordmaster` VALUES ('10473', 'C038', 'E001', '1997-03-13', '16');
INSERT INTO `ordmaster` VALUES ('10474', 'C058', 'E005', '1997-03-13', '83');
INSERT INTO `ordmaster` VALUES ('10475', 'C076', 'E009', '1997-03-14', '69');
INSERT INTO `ordmaster` VALUES ('10476', 'C035', 'E008', '1997-03-17', '4');
INSERT INTO `ordmaster` VALUES ('10477', 'C060', 'E005', '1997-03-17', '13');
INSERT INTO `ordmaster` VALUES ('10478', 'C084', 'E002', '1997-03-18', '5');
INSERT INTO `ordmaster` VALUES ('10479', 'C065', 'E003', '1997-03-19', '709');
INSERT INTO `ordmaster` VALUES ('10480', 'C023', 'E006', '1997-03-20', '1');
INSERT INTO `ordmaster` VALUES ('10481', 'C067', 'E008', '1997-03-20', '64');
INSERT INTO `ordmaster` VALUES ('10482', 'C043', 'E001', '1997-03-21', '7');
INSERT INTO `ordmaster` VALUES ('10483', 'C089', 'E007', '1997-03-24', '15');
INSERT INTO `ordmaster` VALUES ('10484', 'C011', 'E003', '1997-03-24', '7');
INSERT INTO `ordmaster` VALUES ('10485', 'C047', 'E004', '1997-03-25', '64');
INSERT INTO `ordmaster` VALUES ('10486', 'C035', 'E001', '1997-03-26', '31');
INSERT INTO `ordmaster` VALUES ('10487', 'C062', 'E002', '1997-03-26', '71');
INSERT INTO `ordmaster` VALUES ('10488', 'C025', 'E008', '1997-03-27', '5');
INSERT INTO `ordmaster` VALUES ('10489', 'C059', 'E006', '1997-03-28', '5');
INSERT INTO `ordmaster` VALUES ('10490', 'C035', 'E007', '1997-03-31', '210');
INSERT INTO `ordmaster` VALUES ('10491', 'C028', 'E008', '1997-03-31', '17');
INSERT INTO `ordmaster` VALUES ('10492', 'C010', 'E003', '1997-04-01', '63');
INSERT INTO `ordmaster` VALUES ('10493', 'C041', 'E004', '1997-04-02', '11');
INSERT INTO `ordmaster` VALUES ('10494', 'C015', 'E004', '1997-04-02', '66');
INSERT INTO `ordmaster` VALUES ('10495', 'C042', 'E003', '1997-04-03', '5');
INSERT INTO `ordmaster` VALUES ('10496', 'C081', 'E007', '1997-04-04', '47');
INSERT INTO `ordmaster` VALUES ('10497', 'C044', 'E007', '1997-04-04', '36');
INSERT INTO `ordmaster` VALUES ('10498', 'C035', 'E008', '1997-04-07', '30');
INSERT INTO `ordmaster` VALUES ('10499', 'C046', 'E004', '1997-04-08', '102');
INSERT INTO `ordmaster` VALUES ('10500', 'C041', 'E006', '1997-04-09', '43');
INSERT INTO `ordmaster` VALUES ('10501', 'C006', 'E009', '1997-04-09', '9');
INSERT INTO `ordmaster` VALUES ('10502', 'C058', 'E002', '1997-04-10', '69');
INSERT INTO `ordmaster` VALUES ('10503', 'C037', 'E006', '1997-04-11', '17');
INSERT INTO `ordmaster` VALUES ('10504', 'C089', 'E004', '1997-04-11', '59');
INSERT INTO `ordmaster` VALUES ('10505', 'C051', 'E003', '1997-04-14', '7');
INSERT INTO `ordmaster` VALUES ('10506', 'C039', 'E009', '1997-04-15', '21');
INSERT INTO `ordmaster` VALUES ('10507', 'C003', 'E007', '1997-04-15', '47');
INSERT INTO `ordmaster` VALUES ('10508', 'C056', 'E001', '1997-04-16', '5');
INSERT INTO `ordmaster` VALUES ('10509', 'C006', 'E004', '1997-04-17', '0');
INSERT INTO `ordmaster` VALUES ('10510', 'C071', 'E006', '1997-04-18', '368');
INSERT INTO `ordmaster` VALUES ('10511', 'C009', 'E004', '1997-04-18', '351');
INSERT INTO `ordmaster` VALUES ('10512', 'C021', 'E007', '1997-04-21', '4');
INSERT INTO `ordmaster` VALUES ('10513', 'C086', 'E007', '1997-04-22', '106');
INSERT INTO `ordmaster` VALUES ('10514', 'C020', 'E003', '1997-04-22', '790');
INSERT INTO `ordmaster` VALUES ('10515', 'C063', 'E002', '1997-04-23', '204');
INSERT INTO `ordmaster` VALUES ('10516', 'C037', 'E002', '1997-04-24', '63');
INSERT INTO `ordmaster` VALUES ('10517', 'C053', 'E003', '1997-04-24', '32');
INSERT INTO `ordmaster` VALUES ('10518', 'C080', 'E004', '1997-04-25', '218');
INSERT INTO `ordmaster` VALUES ('10519', 'C014', 'E006', '1997-04-28', '92');
INSERT INTO `ordmaster` VALUES ('10520', 'C070', 'E007', '1997-04-29', '13');
INSERT INTO `ordmaster` VALUES ('10521', 'C012', 'E008', '1997-04-29', '17');
INSERT INTO `ordmaster` VALUES ('10522', 'C044', 'E004', '1997-04-30', '45');
INSERT INTO `ordmaster` VALUES ('10523', 'C072', 'E007', '1997-05-01', '78');
INSERT INTO `ordmaster` VALUES ('10524', 'C005', 'E001', '1997-05-01', '245');
INSERT INTO `ordmaster` VALUES ('10525', 'C009', 'E001', '1997-05-02', '11');
INSERT INTO `ordmaster` VALUES ('10526', 'C087', 'E004', '1997-05-05', '59');
INSERT INTO `ordmaster` VALUES ('10527', 'C063', 'E007', '1997-05-05', '42');
INSERT INTO `ordmaster` VALUES ('10528', 'C032', 'E006', '1997-05-06', '3');
INSERT INTO `ordmaster` VALUES ('10529', 'C050', 'E005', '1997-05-07', '67');
INSERT INTO `ordmaster` VALUES ('10530', 'C059', 'E003', '1997-05-08', '339');
INSERT INTO `ordmaster` VALUES ('10531', 'C054', 'E007', '1997-05-08', '8');
INSERT INTO `ordmaster` VALUES ('10532', 'C019', 'E007', '1997-05-09', '74');
INSERT INTO `ordmaster` VALUES ('10533', 'C024', 'E008', '1997-05-12', '188');
INSERT INTO `ordmaster` VALUES ('10534', 'C044', 'E008', '1997-05-12', '28');
INSERT INTO `ordmaster` VALUES ('10535', 'C003', 'E004', '1997-05-13', '16');
INSERT INTO `ordmaster` VALUES ('10536', 'C044', 'E003', '1997-05-14', '59');
INSERT INTO `ordmaster` VALUES ('10537', 'C068', 'E001', '1997-05-14', '79');
INSERT INTO `ordmaster` VALUES ('10538', 'C011', 'E009', '1997-05-15', '5');
INSERT INTO `ordmaster` VALUES ('10539', 'C011', 'E006', '1997-05-16', '12');
INSERT INTO `ordmaster` VALUES ('10540', 'C063', 'E003', '1997-05-19', '1008');
INSERT INTO `ordmaster` VALUES ('10541', 'C034', 'E002', '1997-05-19', '69');
INSERT INTO `ordmaster` VALUES ('10542', 'C039', 'E001', '1997-05-20', '11');
INSERT INTO `ordmaster` VALUES ('10543', 'C046', 'E008', '1997-05-21', '48');
INSERT INTO `ordmaster` VALUES ('10544', 'C048', 'E004', '1997-05-21', '25');
INSERT INTO `ordmaster` VALUES ('10545', 'C043', 'E008', '1997-05-22', '12');
INSERT INTO `ordmaster` VALUES ('10546', 'C084', 'E001', '1997-05-23', '195');
INSERT INTO `ordmaster` VALUES ('10547', 'C072', 'E003', '1997-05-23', '178');
INSERT INTO `ordmaster` VALUES ('10548', 'C079', 'E003', '1997-05-26', '1');
INSERT INTO `ordmaster` VALUES ('10549', 'C063', 'E005', '1997-05-27', '171');
INSERT INTO `ordmaster` VALUES ('10550', 'C030', 'E007', '1997-05-28', '4');
INSERT INTO `ordmaster` VALUES ('10551', 'C028', 'E004', '1997-05-28', '73');
INSERT INTO `ordmaster` VALUES ('10552', 'C035', 'E002', '1997-05-29', '83');
INSERT INTO `ordmaster` VALUES ('10553', 'C087', 'E002', '1997-05-30', '149');
INSERT INTO `ordmaster` VALUES ('10554', 'C056', 'E004', '1997-05-30', '121');
INSERT INTO `ordmaster` VALUES ('10555', 'C071', 'E006', '1997-06-02', '252');
INSERT INTO `ordmaster` VALUES ('10556', 'C073', 'E002', '1997-06-03', '10');
INSERT INTO `ordmaster` VALUES ('10557', 'C044', 'E009', '1997-06-03', '97');
INSERT INTO `ordmaster` VALUES ('10558', 'C004', 'E001', '1997-06-04', '73');
INSERT INTO `ordmaster` VALUES ('10559', 'C007', 'E006', '1997-06-05', '8');
INSERT INTO `ordmaster` VALUES ('10560', 'C025', 'E008', '1997-06-06', '37');
INSERT INTO `ordmaster` VALUES ('10561', 'C024', 'E002', '1997-06-06', '242');
INSERT INTO `ordmaster` VALUES ('10562', 'C066', 'E001', '1997-06-09', '23');
INSERT INTO `ordmaster` VALUES ('10563', 'C067', 'E002', '1997-06-10', '60');
INSERT INTO `ordmaster` VALUES ('10564', 'C065', 'E004', '1997-06-10', '14');
INSERT INTO `ordmaster` VALUES ('10565', 'C051', 'E008', '1997-06-11', '7');
INSERT INTO `ordmaster` VALUES ('10566', 'C007', 'E009', '1997-06-12', '88');
INSERT INTO `ordmaster` VALUES ('10567', 'C037', 'E001', '1997-06-12', '34');
INSERT INTO `ordmaster` VALUES ('10568', 'C029', 'E003', '1997-06-13', '7');
INSERT INTO `ordmaster` VALUES ('10569', 'C065', 'E005', '1997-06-16', '59');
INSERT INTO `ordmaster` VALUES ('10570', 'C051', 'E003', '1997-06-17', '189');
INSERT INTO `ordmaster` VALUES ('10571', 'C020', 'E008', '1997-06-17', '26');
INSERT INTO `ordmaster` VALUES ('10572', 'C005', 'E003', '1997-06-18', '116');
INSERT INTO `ordmaster` VALUES ('10573', 'C003', 'E007', '1997-06-19', '85');
INSERT INTO `ordmaster` VALUES ('10574', 'C082', 'E004', '1997-06-19', '38');
INSERT INTO `ordmaster` VALUES ('10575', 'C052', 'E005', '1997-06-20', '127');
INSERT INTO `ordmaster` VALUES ('10576', 'C080', 'E003', '1997-06-23', '19');
INSERT INTO `ordmaster` VALUES ('10577', 'C082', 'E009', '1997-06-23', '25');
INSERT INTO `ordmaster` VALUES ('10578', 'C011', 'E004', '1997-06-24', '30');
INSERT INTO `ordmaster` VALUES ('10579', 'C045', 'E001', '1997-06-25', '14');
INSERT INTO `ordmaster` VALUES ('10580', 'C056', 'E004', '1997-06-26', '76');
INSERT INTO `ordmaster` VALUES ('10581', 'C021', 'E003', '1997-06-26', '3');
INSERT INTO `ordmaster` VALUES ('10582', 'C006', 'E003', '1997-06-27', '28');
INSERT INTO `ordmaster` VALUES ('10583', 'C087', 'E002', '1997-06-30', '7');
INSERT INTO `ordmaster` VALUES ('10584', 'C007', 'E004', '1997-06-30', '59');
INSERT INTO `ordmaster` VALUES ('10585', 'C088', 'E007', '1997-07-01', '13');
INSERT INTO `ordmaster` VALUES ('10586', 'C066', 'E009', '1997-07-02', '0');
INSERT INTO `ordmaster` VALUES ('10587', 'C061', 'E001', '1997-07-02', '63');
INSERT INTO `ordmaster` VALUES ('10588', 'C063', 'E002', '1997-07-03', '195');
INSERT INTO `ordmaster` VALUES ('10589', 'C032', 'E008', '1997-07-04', '4');
INSERT INTO `ordmaster` VALUES ('10590', 'C051', 'E004', '1997-07-07', '45');
INSERT INTO `ordmaster` VALUES ('10591', 'C083', 'E001', '1997-07-07', '56');
INSERT INTO `ordmaster` VALUES ('10592', 'C044', 'E003', '1997-07-08', '32');
INSERT INTO `ordmaster` VALUES ('10593', 'C044', 'E007', '1997-07-09', '174');
INSERT INTO `ordmaster` VALUES ('10594', 'C055', 'E003', '1997-07-09', '5');
INSERT INTO `ordmaster` VALUES ('10595', 'C020', 'E002', '1997-07-10', '97');
INSERT INTO `ordmaster` VALUES ('10596', 'C089', 'E008', '1997-07-11', '16');
INSERT INTO `ordmaster` VALUES ('10597', 'C059', 'E007', '1997-07-11', '35');
INSERT INTO `ordmaster` VALUES ('10598', 'C065', 'E001', '1997-07-14', '44');
INSERT INTO `ordmaster` VALUES ('10599', 'C011', 'E006', '1997-07-15', '30');
INSERT INTO `ordmaster` VALUES ('10600', 'C036', 'E004', '1997-07-16', '45');
INSERT INTO `ordmaster` VALUES ('10601', 'C035', 'E007', '1997-07-16', '58');
INSERT INTO `ordmaster` VALUES ('10602', 'C083', 'E008', '1997-07-17', '3');
INSERT INTO `ordmaster` VALUES ('10603', 'C071', 'E008', '1997-07-18', '49');
INSERT INTO `ordmaster` VALUES ('10604', 'C028', 'E001', '1997-07-18', '7');
INSERT INTO `ordmaster` VALUES ('10605', 'C051', 'E001', '1997-07-21', '379');
INSERT INTO `ordmaster` VALUES ('10606', 'C081', 'E004', '1997-07-22', '79');
INSERT INTO `ordmaster` VALUES ('10607', 'C071', 'E005', '1997-07-22', '200');
INSERT INTO `ordmaster` VALUES ('10608', 'C079', 'E004', '1997-07-23', '28');
INSERT INTO `ordmaster` VALUES ('10609', 'C018', 'E007', '1997-07-24', '2');
INSERT INTO `ordmaster` VALUES ('10610', 'C041', 'E008', '1997-07-25', '27');
INSERT INTO `ordmaster` VALUES ('10611', 'C076', 'E006', '1997-07-25', '81');
INSERT INTO `ordmaster` VALUES ('10612', 'C071', 'E001', '1997-07-28', '544');
INSERT INTO `ordmaster` VALUES ('10613', 'C035', 'E004', '1997-07-29', '8');
INSERT INTO `ordmaster` VALUES ('10614', 'C006', 'E008', '1997-07-29', '2');
INSERT INTO `ordmaster` VALUES ('10615', 'C090', 'E002', '1997-07-30', '1');
INSERT INTO `ordmaster` VALUES ('10616', 'C032', 'E001', '1997-07-31', '117');
INSERT INTO `ordmaster` VALUES ('10617', 'C032', 'E004', '1997-07-31', '19');
INSERT INTO `ordmaster` VALUES ('10618', 'C051', 'E001', '1997-08-01', '155');
INSERT INTO `ordmaster` VALUES ('10619', 'C051', 'E003', '1997-08-04', '91');
INSERT INTO `ordmaster` VALUES ('10620', 'C042', 'E002', '1997-08-05', '1');
INSERT INTO `ordmaster` VALUES ('10621', 'C038', 'E004', '1997-08-05', '24');
INSERT INTO `ordmaster` VALUES ('10622', 'C067', 'E004', '1997-08-06', '51');
INSERT INTO `ordmaster` VALUES ('10623', 'C025', 'E008', '1997-08-07', '97');
INSERT INTO `ordmaster` VALUES ('10624', 'C078', 'E004', '1997-08-07', '95');
INSERT INTO `ordmaster` VALUES ('10625', 'C026', 'E003', '1997-08-08', '44');
INSERT INTO `ordmaster` VALUES ('10626', 'C005', 'E001', '1997-08-11', '139');
INSERT INTO `ordmaster` VALUES ('10627', 'C071', 'E008', '1997-08-11', '107');
INSERT INTO `ordmaster` VALUES ('10628', 'C007', 'E004', '1997-08-12', '30');
INSERT INTO `ordmaster` VALUES ('10629', 'C030', 'E004', '1997-08-12', '85');
INSERT INTO `ordmaster` VALUES ('10630', 'C039', 'E001', '1997-08-13', '32');
INSERT INTO `ordmaster` VALUES ('10631', 'C041', 'E008', '1997-08-14', '1');
INSERT INTO `ordmaster` VALUES ('10632', 'C086', 'E008', '1997-08-14', '41');
INSERT INTO `ordmaster` VALUES ('10633', 'C020', 'E007', '1997-08-15', '478');
INSERT INTO `ordmaster` VALUES ('10634', 'C023', 'E004', '1997-08-15', '487');
INSERT INTO `ordmaster` VALUES ('10635', 'C049', 'E008', '1997-08-18', '47');
INSERT INTO `ordmaster` VALUES ('10636', 'C087', 'E004', '1997-08-19', '1');
INSERT INTO `ordmaster` VALUES ('10637', 'C062', 'E006', '1997-08-19', '201');
INSERT INTO `ordmaster` VALUES ('10638', 'C047', 'E003', '1997-08-20', '158');
INSERT INTO `ordmaster` VALUES ('10639', 'C070', 'E007', '1997-08-20', '39');
INSERT INTO `ordmaster` VALUES ('10640', 'C086', 'E004', '1997-08-21', '24');
INSERT INTO `ordmaster` VALUES ('10641', 'C035', 'E004', '1997-08-22', '180');
INSERT INTO `ordmaster` VALUES ('10642', 'C073', 'E007', '1997-08-22', '42');
INSERT INTO `ordmaster` VALUES ('10643', 'C004', 'E006', '1997-08-25', '29');
INSERT INTO `ordmaster` VALUES ('10644', 'C088', 'E003', '1997-08-25', '0');
INSERT INTO `ordmaster` VALUES ('10645', 'C034', 'E004', '1997-08-26', '12');
INSERT INTO `ordmaster` VALUES ('10646', 'C037', 'E009', '1997-08-27', '142');
INSERT INTO `ordmaster` VALUES ('10647', 'C061', 'E004', '1997-08-27', '46');
INSERT INTO `ordmaster` VALUES ('10648', 'C067', 'E005', '1997-08-28', '14');
INSERT INTO `ordmaster` VALUES ('10649', 'C050', 'E005', '1997-08-28', '6');
INSERT INTO `ordmaster` VALUES ('10650', 'C021', 'E005', '1997-08-29', '177');
INSERT INTO `ordmaster` VALUES ('10651', 'C086', 'E008', '1997-09-01', '21');
INSERT INTO `ordmaster` VALUES ('10652', 'C031', 'E004', '1997-09-01', '7');
INSERT INTO `ordmaster` VALUES ('10653', 'C025', 'E001', '1997-09-02', '93');
INSERT INTO `ordmaster` VALUES ('10654', 'C005', 'E005', '1997-09-02', '55');
INSERT INTO `ordmaster` VALUES ('10655', 'C066', 'E001', '1997-09-03', '4');
INSERT INTO `ordmaster` VALUES ('10656', 'C032', 'E006', '1997-09-04', '57');
INSERT INTO `ordmaster` VALUES ('10657', 'C071', 'E002', '1997-09-04', '353');
INSERT INTO `ordmaster` VALUES ('10658', 'C063', 'E004', '1997-09-05', '364');
INSERT INTO `ordmaster` VALUES ('10659', 'C062', 'E007', '1997-09-05', '106');
INSERT INTO `ordmaster` VALUES ('10660', 'C036', 'E008', '1997-09-08', '111');
INSERT INTO `ordmaster` VALUES ('10661', 'C037', 'E007', '1997-09-09', '18');
INSERT INTO `ordmaster` VALUES ('10662', 'C048', 'E003', '1997-09-09', '1');
INSERT INTO `ordmaster` VALUES ('10663', 'C009', 'E002', '1997-09-10', '113');
INSERT INTO `ordmaster` VALUES ('10664', 'C028', 'E001', '1997-09-10', '1');
INSERT INTO `ordmaster` VALUES ('10665', 'C048', 'E001', '1997-09-11', '26');
INSERT INTO `ordmaster` VALUES ('10666', 'C068', 'E007', '1997-09-12', '232');
INSERT INTO `ordmaster` VALUES ('10667', 'C020', 'E007', '1997-09-12', '78');
INSERT INTO `ordmaster` VALUES ('10668', 'C086', 'E001', '1997-09-15', '47');
INSERT INTO `ordmaster` VALUES ('10669', 'C073', 'E002', '1997-09-15', '24');
INSERT INTO `ordmaster` VALUES ('10670', 'C025', 'E004', '1997-09-16', '203');
INSERT INTO `ordmaster` VALUES ('10671', 'C026', 'E001', '1997-09-17', '30');
INSERT INTO `ordmaster` VALUES ('10672', 'C005', 'E009', '1997-09-17', '96');
INSERT INTO `ordmaster` VALUES ('10673', 'C090', 'E002', '1997-09-18', '23');
INSERT INTO `ordmaster` VALUES ('10674', 'C038', 'E004', '1997-09-18', '1');
INSERT INTO `ordmaster` VALUES ('10675', 'C025', 'E005', '1997-09-19', '32');
INSERT INTO `ordmaster` VALUES ('10676', 'C080', 'E002', '1997-09-22', '2');
INSERT INTO `ordmaster` VALUES ('10677', 'C003', 'E001', '1997-09-22', '4');
INSERT INTO `ordmaster` VALUES ('10678', 'C071', 'E007', '1997-09-23', '389');
INSERT INTO `ordmaster` VALUES ('10679', 'C007', 'E008', '1997-09-23', '28');
INSERT INTO `ordmaster` VALUES ('10680', 'C055', 'E001', '1997-09-24', '27');
INSERT INTO `ordmaster` VALUES ('10681', 'C032', 'E003', '1997-09-25', '76');
INSERT INTO `ordmaster` VALUES ('10682', 'C003', 'E003', '1997-09-25', '36');
INSERT INTO `ordmaster` VALUES ('10683', 'C018', 'E002', '1997-09-26', '4');
INSERT INTO `ordmaster` VALUES ('10684', 'C056', 'E003', '1997-09-26', '146');
INSERT INTO `ordmaster` VALUES ('10685', 'C031', 'E004', '1997-09-29', '34');
INSERT INTO `ordmaster` VALUES ('10686', 'C059', 'E002', '1997-09-30', '96');
INSERT INTO `ordmaster` VALUES ('10687', 'C037', 'E009', '1997-09-30', '296');
INSERT INTO `ordmaster` VALUES ('10688', 'C083', 'E004', '1997-10-01', '299');
INSERT INTO `ordmaster` VALUES ('10689', 'C005', 'E001', '1997-10-01', '13');
INSERT INTO `ordmaster` VALUES ('10690', 'C034', 'E001', '1997-10-02', '16');
INSERT INTO `ordmaster` VALUES ('10691', 'C063', 'E002', '1997-10-03', '810');
INSERT INTO `ordmaster` VALUES ('10692', 'C089', 'E004', '1997-10-03', '61');
INSERT INTO `ordmaster` VALUES ('10693', 'C089', 'E003', '1997-10-06', '139');
INSERT INTO `ordmaster` VALUES ('10694', 'C063', 'E008', '1997-10-06', '398');
INSERT INTO `ordmaster` VALUES ('10695', 'C090', 'E007', '1997-10-07', '17');
INSERT INTO `ordmaster` VALUES ('10696', 'C089', 'E008', '1997-10-08', '103');
INSERT INTO `ordmaster` VALUES ('10697', 'C047', 'E003', '1997-10-08', '46');
INSERT INTO `ordmaster` VALUES ('10698', 'C020', 'E004', '1997-10-09', '272');
INSERT INTO `ordmaster` VALUES ('10699', 'C052', 'E003', '1997-10-09', '1');
INSERT INTO `ordmaster` VALUES ('10700', 'C071', 'E003', '1997-10-10', '65');
INSERT INTO `ordmaster` VALUES ('10701', 'C037', 'E006', '1997-10-13', '220');
INSERT INTO `ordmaster` VALUES ('10702', 'C015', 'E004', '1997-10-13', '24');
INSERT INTO `ordmaster` VALUES ('10703', 'C024', 'E006', '1997-10-14', '152');
INSERT INTO `ordmaster` VALUES ('10704', 'C062', 'E006', '1997-10-14', '5');
INSERT INTO `ordmaster` VALUES ('10705', 'C035', 'E009', '1997-10-15', '4');
INSERT INTO `ordmaster` VALUES ('10706', 'C055', 'E008', '1997-10-16', '136');
INSERT INTO `ordmaster` VALUES ('10707', 'C004', 'E004', '1997-10-16', '22');
INSERT INTO `ordmaster` VALUES ('10708', 'C077', 'E006', '1997-10-17', '3');
INSERT INTO `ordmaster` VALUES ('10709', 'C031', 'E001', '1997-10-17', '211');
INSERT INTO `ordmaster` VALUES ('10710', 'C027', 'E001', '1997-10-20', '5');
INSERT INTO `ordmaster` VALUES ('10711', 'C071', 'E005', '1997-10-21', '52');
INSERT INTO `ordmaster` VALUES ('10712', 'C037', 'E003', '1997-10-21', '90');
INSERT INTO `ordmaster` VALUES ('10713', 'C071', 'E001', '1997-10-22', '167');
INSERT INTO `ordmaster` VALUES ('10714', 'C071', 'E005', '1997-10-22', '24');
INSERT INTO `ordmaster` VALUES ('10715', 'C009', 'E003', '1997-10-23', '63');
INSERT INTO `ordmaster` VALUES ('10716', 'C064', 'E004', '1997-10-24', '23');
INSERT INTO `ordmaster` VALUES ('10717', 'C025', 'E001', '1997-10-24', '59');
INSERT INTO `ordmaster` VALUES ('10718', 'C039', 'E001', '1997-10-27', '171');
INSERT INTO `ordmaster` VALUES ('10719', 'C045', 'E008', '1997-10-27', '51');
INSERT INTO `ordmaster` VALUES ('10720', 'C061', 'E008', '1997-10-28', '10');
INSERT INTO `ordmaster` VALUES ('10721', 'C063', 'E005', '1997-10-29', '49');
INSERT INTO `ordmaster` VALUES ('10722', 'C071', 'E008', '1997-10-29', '75');
INSERT INTO `ordmaster` VALUES ('10723', 'C089', 'E003', '1997-10-30', '22');
INSERT INTO `ordmaster` VALUES ('10724', 'C051', 'E008', '1997-10-30', '58');
INSERT INTO `ordmaster` VALUES ('10725', 'C021', 'E004', '1997-10-31', '11');
INSERT INTO `ordmaster` VALUES ('10726', 'C019', 'E004', '1997-11-03', '17');
INSERT INTO `ordmaster` VALUES ('10727', 'C066', 'E002', '1997-11-03', '90');
INSERT INTO `ordmaster` VALUES ('10728', 'C062', 'E004', '1997-11-04', '58');
INSERT INTO `ordmaster` VALUES ('10729', 'C047', 'E008', '1997-11-04', '141');
INSERT INTO `ordmaster` VALUES ('10730', 'C009', 'E005', '1997-11-05', '20');
INSERT INTO `ordmaster` VALUES ('10731', 'C014', 'E007', '1997-11-06', '97');
INSERT INTO `ordmaster` VALUES ('10732', 'C009', 'E003', '1997-11-06', '17');
INSERT INTO `ordmaster` VALUES ('10733', 'C005', 'E001', '1997-11-07', '110');
INSERT INTO `ordmaster` VALUES ('10734', 'C031', 'E002', '1997-11-07', '2');
INSERT INTO `ordmaster` VALUES ('10735', 'C045', 'E006', '1997-11-10', '46');
INSERT INTO `ordmaster` VALUES ('10736', 'C037', 'E009', '1997-11-11', '44');
INSERT INTO `ordmaster` VALUES ('10737', 'C085', 'E002', '1997-11-11', '8');
INSERT INTO `ordmaster` VALUES ('10738', 'C074', 'E002', '1997-11-12', '3');
INSERT INTO `ordmaster` VALUES ('10739', 'C085', 'E003', '1997-11-12', '11');
INSERT INTO `ordmaster` VALUES ('10740', 'C089', 'E004', '1997-11-13', '82');
INSERT INTO `ordmaster` VALUES ('10741', 'C004', 'E004', '1997-11-14', '11');
INSERT INTO `ordmaster` VALUES ('10742', 'C010', 'E003', '1997-11-14', '244');
INSERT INTO `ordmaster` VALUES ('10743', 'C004', 'E001', '1997-11-17', '24');
INSERT INTO `ordmaster` VALUES ('10744', 'C083', 'E006', '1997-11-17', '69');
INSERT INTO `ordmaster` VALUES ('10745', 'C063', 'E009', '1997-11-18', '4');
INSERT INTO `ordmaster` VALUES ('10746', 'C014', 'E001', '1997-11-19', '31');
INSERT INTO `ordmaster` VALUES ('10747', 'C059', 'E006', '1997-11-19', '117');
INSERT INTO `ordmaster` VALUES ('10748', 'C071', 'E003', '1997-11-20', '233');
INSERT INTO `ordmaster` VALUES ('10749', 'C038', 'E004', '1997-11-20', '62');
INSERT INTO `ordmaster` VALUES ('10750', 'C087', 'E009', '1997-11-21', '79');
INSERT INTO `ordmaster` VALUES ('10751', 'C068', 'E003', '1997-11-24', '131');
INSERT INTO `ordmaster` VALUES ('10752', 'C053', 'E002', '1997-11-24', '1');
INSERT INTO `ordmaster` VALUES ('10753', 'C027', 'E003', '1997-11-25', '8');
INSERT INTO `ordmaster` VALUES ('10754', 'C049', 'E006', '1997-11-25', '2');
INSERT INTO `ordmaster` VALUES ('10755', 'C009', 'E004', '1997-11-26', '17');
INSERT INTO `ordmaster` VALUES ('10756', 'C075', 'E008', '1997-11-27', '73');
INSERT INTO `ordmaster` VALUES ('10757', 'C071', 'E006', '1997-11-27', '8');
INSERT INTO `ordmaster` VALUES ('10758', 'C068', 'E003', '1997-11-28', '138');
INSERT INTO `ordmaster` VALUES ('10759', 'C002', 'E003', '1997-11-28', '12');
INSERT INTO `ordmaster` VALUES ('10760', 'C050', 'E004', '1997-12-01', '156');
INSERT INTO `ordmaster` VALUES ('10761', 'C065', 'E005', '1997-12-02', '19');
INSERT INTO `ordmaster` VALUES ('10762', 'C024', 'E003', '1997-12-02', '329');
INSERT INTO `ordmaster` VALUES ('10763', 'C023', 'E003', '1997-12-03', '37');
INSERT INTO `ordmaster` VALUES ('10764', 'C020', 'E006', '1997-12-03', '145');
INSERT INTO `ordmaster` VALUES ('10765', 'C063', 'E003', '1997-12-04', '43');
INSERT INTO `ordmaster` VALUES ('10766', 'C056', 'E004', '1997-12-05', '158');
INSERT INTO `ordmaster` VALUES ('10767', 'C076', 'E004', '1997-12-05', '2');
INSERT INTO `ordmaster` VALUES ('10768', 'C004', 'E003', '1997-12-08', '146');
INSERT INTO `ordmaster` VALUES ('10769', 'C083', 'E003', '1997-12-08', '65');
INSERT INTO `ordmaster` VALUES ('10770', 'C034', 'E008', '1997-12-09', '5');
INSERT INTO `ordmaster` VALUES ('10771', 'C020', 'E009', '1997-12-10', '11');
INSERT INTO `ordmaster` VALUES ('10772', 'C044', 'E003', '1997-12-10', '91');
INSERT INTO `ordmaster` VALUES ('10773', 'C020', 'E001', '1997-12-11', '96');
INSERT INTO `ordmaster` VALUES ('10774', 'C024', 'E004', '1997-12-11', '48');
INSERT INTO `ordmaster` VALUES ('10775', 'C078', 'E007', '1997-12-12', '20');
INSERT INTO `ordmaster` VALUES ('10776', 'C020', 'E001', '1997-12-15', '352');
INSERT INTO `ordmaster` VALUES ('10777', 'C031', 'E007', '1997-12-15', '3');
INSERT INTO `ordmaster` VALUES ('10778', 'C005', 'E003', '1997-12-16', '7');
INSERT INTO `ordmaster` VALUES ('10779', 'C052', 'E003', '1997-12-16', '58');
INSERT INTO `ordmaster` VALUES ('10780', 'C046', 'E002', '1997-12-16', '42');
INSERT INTO `ordmaster` VALUES ('10781', 'C087', 'E002', '1997-12-17', '73');
INSERT INTO `ordmaster` VALUES ('10782', 'C012', 'E009', '1997-12-17', '1');
INSERT INTO `ordmaster` VALUES ('10783', 'C034', 'E004', '1997-12-18', '125');
INSERT INTO `ordmaster` VALUES ('10784', 'C049', 'E004', '1997-12-18', '70');
INSERT INTO `ordmaster` VALUES ('10785', 'C033', 'E001', '1997-12-18', '2');
INSERT INTO `ordmaster` VALUES ('10786', 'C062', 'E008', '1997-12-19', '111');
INSERT INTO `ordmaster` VALUES ('10787', 'C041', 'E002', '1997-12-19', '250');
INSERT INTO `ordmaster` VALUES ('10788', 'C063', 'E001', '1997-12-22', '43');
INSERT INTO `ordmaster` VALUES ('10789', 'C023', 'E001', '1997-12-22', '101');
INSERT INTO `ordmaster` VALUES ('10790', 'C031', 'E006', '1997-12-22', '28');
INSERT INTO `ordmaster` VALUES ('10791', 'C025', 'E006', '1997-12-23', '17');
INSERT INTO `ordmaster` VALUES ('10792', 'C091', 'E001', '1997-12-23', '24');
INSERT INTO `ordmaster` VALUES ('10793', 'C004', 'E003', '1997-12-24', '5');
INSERT INTO `ordmaster` VALUES ('10794', 'C061', 'E006', '1997-12-24', '21');
INSERT INTO `ordmaster` VALUES ('10795', 'C020', 'E008', '1997-12-24', '127');
INSERT INTO `ordmaster` VALUES ('10796', 'C035', 'E003', '1997-12-25', '27');
INSERT INTO `ordmaster` VALUES ('10797', 'C017', 'E007', '1997-12-25', '33');
INSERT INTO `ordmaster` VALUES ('10798', 'C038', 'E002', '1997-12-26', '2');
INSERT INTO `ordmaster` VALUES ('10799', 'C039', 'E009', '1997-12-26', '31');
INSERT INTO `ordmaster` VALUES ('10800', 'C072', 'E001', '1997-12-26', '137');
INSERT INTO `ordmaster` VALUES ('10801', 'C008', 'E004', '1997-12-29', '97');
INSERT INTO `ordmaster` VALUES ('10802', 'C073', 'E004', '1997-12-29', '257');
INSERT INTO `ordmaster` VALUES ('10803', 'C088', 'E004', '1997-12-30', '55');
INSERT INTO `ordmaster` VALUES ('10804', 'C072', 'E006', '1997-12-30', '27');
INSERT INTO `ordmaster` VALUES ('10805', 'C077', 'E002', '1997-12-30', '237');
INSERT INTO `ordmaster` VALUES ('10806', 'C084', 'E003', '1997-12-31', '22');
INSERT INTO `ordmaster` VALUES ('10807', 'C027', 'E004', '1997-12-31', '1');
INSERT INTO `ordmaster` VALUES ('10808', 'C055', 'E002', '1998-01-01', '46');
INSERT INTO `ordmaster` VALUES ('10809', 'C088', 'E007', '1998-01-01', '5');
INSERT INTO `ordmaster` VALUES ('10810', 'C042', 'E002', '1998-01-01', '4');
INSERT INTO `ordmaster` VALUES ('10811', 'C047', 'E008', '1998-01-02', '31');
INSERT INTO `ordmaster` VALUES ('10812', 'C066', 'E005', '1998-01-02', '60');
INSERT INTO `ordmaster` VALUES ('10813', 'C067', 'E001', '1998-01-05', '47');
INSERT INTO `ordmaster` VALUES ('10814', 'C084', 'E003', '1998-01-05', '131');
INSERT INTO `ordmaster` VALUES ('10815', 'C071', 'E002', '1998-01-05', '15');
INSERT INTO `ordmaster` VALUES ('10816', 'C032', 'E004', '1998-01-06', '720');
INSERT INTO `ordmaster` VALUES ('10817', 'C039', 'E003', '1998-01-06', '306');
INSERT INTO `ordmaster` VALUES ('10818', 'C049', 'E007', '1998-01-07', '65');
INSERT INTO `ordmaster` VALUES ('10819', 'C012', 'E002', '1998-01-07', '20');
INSERT INTO `ordmaster` VALUES ('10820', 'C065', 'E003', '1998-01-07', '38');
INSERT INTO `ordmaster` VALUES ('10821', 'C075', 'E001', '1998-01-08', '37');
INSERT INTO `ordmaster` VALUES ('10822', 'C082', 'E006', '1998-01-08', '7');
INSERT INTO `ordmaster` VALUES ('10823', 'C046', 'E005', '1998-01-09', '164');
INSERT INTO `ordmaster` VALUES ('10824', 'C024', 'E008', '1998-01-09', '1');
INSERT INTO `ordmaster` VALUES ('10825', 'C017', 'E001', '1998-01-09', '79');
INSERT INTO `ordmaster` VALUES ('10826', 'C007', 'E006', '1998-01-12', '7');
INSERT INTO `ordmaster` VALUES ('10827', 'C009', 'E001', '1998-01-12', '64');
INSERT INTO `ordmaster` VALUES ('10828', 'C064', 'E009', '1998-01-13', '91');
INSERT INTO `ordmaster` VALUES ('10829', 'C038', 'E009', '1998-01-13', '155');
INSERT INTO `ordmaster` VALUES ('10830', 'C081', 'E004', '1998-01-13', '82');
INSERT INTO `ordmaster` VALUES ('10831', 'C070', 'E003', '1998-01-14', '72');
INSERT INTO `ordmaster` VALUES ('10832', 'C041', 'E002', '1998-01-14', '43');
INSERT INTO `ordmaster` VALUES ('10833', 'C056', 'E006', '1998-01-15', '71');
INSERT INTO `ordmaster` VALUES ('10834', 'C081', 'E001', '1998-01-15', '30');
INSERT INTO `ordmaster` VALUES ('10835', 'C007', 'E001', '1998-01-15', '70');
INSERT INTO `ordmaster` VALUES ('10836', 'C020', 'E007', '1998-01-16', '412');
INSERT INTO `ordmaster` VALUES ('10837', 'C005', 'E009', '1998-01-16', '13');
INSERT INTO `ordmaster` VALUES ('10838', 'C047', 'E003', '1998-01-19', '59');
INSERT INTO `ordmaster` VALUES ('10839', 'C081', 'E003', '1998-01-19', '35');
INSERT INTO `ordmaster` VALUES ('10840', 'C047', 'E004', '1998-01-19', '3');
INSERT INTO `ordmaster` VALUES ('10841', 'C076', 'E005', '1998-01-20', '424');
INSERT INTO `ordmaster` VALUES ('10842', 'C080', 'E001', '1998-01-20', '54');
INSERT INTO `ordmaster` VALUES ('10843', 'C084', 'E004', '1998-01-21', '9');
INSERT INTO `ordmaster` VALUES ('10844', 'C059', 'E008', '1998-01-21', '25');
INSERT INTO `ordmaster` VALUES ('10845', 'C063', 'E008', '1998-01-21', '213');
INSERT INTO `ordmaster` VALUES ('10846', 'C076', 'E002', '1998-01-22', '56');
INSERT INTO `ordmaster` VALUES ('10847', 'C071', 'E004', '1998-01-22', '488');
INSERT INTO `ordmaster` VALUES ('10848', 'C016', 'E007', '1998-01-23', '38');
INSERT INTO `ordmaster` VALUES ('10849', 'C039', 'E009', '1998-01-23', '1');
INSERT INTO `ordmaster` VALUES ('10850', 'C084', 'E001', '1998-01-23', '49');
INSERT INTO `ordmaster` VALUES ('10851', 'C067', 'E005', '1998-01-26', '161');
INSERT INTO `ordmaster` VALUES ('10852', 'C065', 'E008', '1998-01-26', '174');
INSERT INTO `ordmaster` VALUES ('10853', 'C006', 'E009', '1998-01-27', '54');
INSERT INTO `ordmaster` VALUES ('10854', 'C020', 'E003', '1998-01-27', '100');
INSERT INTO `ordmaster` VALUES ('10855', 'C055', 'E003', '1998-01-27', '171');
INSERT INTO `ordmaster` VALUES ('10856', 'C003', 'E003', '1998-01-28', '58');
INSERT INTO `ordmaster` VALUES ('10857', 'C005', 'E008', '1998-01-28', '189');
INSERT INTO `ordmaster` VALUES ('10858', 'C040', 'E002', '1998-01-29', '53');
INSERT INTO `ordmaster` VALUES ('10859', 'C025', 'E001', '1998-01-29', '76');
INSERT INTO `ordmaster` VALUES ('10860', 'C026', 'E003', '1998-01-29', '19');
INSERT INTO `ordmaster` VALUES ('10861', 'C089', 'E004', '1998-01-30', '15');
INSERT INTO `ordmaster` VALUES ('10862', 'C044', 'E008', '1998-01-30', '53');
INSERT INTO `ordmaster` VALUES ('10863', 'C035', 'E004', '1998-02-02', '30');
INSERT INTO `ordmaster` VALUES ('10864', 'C004', 'E004', '1998-02-02', '3');
INSERT INTO `ordmaster` VALUES ('10865', 'C063', 'E002', '1998-02-02', '348');
INSERT INTO `ordmaster` VALUES ('10866', 'C005', 'E005', '1998-02-03', '109');
INSERT INTO `ordmaster` VALUES ('10867', 'C048', 'E006', '1998-02-03', '2');
INSERT INTO `ordmaster` VALUES ('10868', 'C062', 'E007', '1998-02-04', '191');
INSERT INTO `ordmaster` VALUES ('10869', 'C072', 'E005', '1998-02-04', '143');
INSERT INTO `ordmaster` VALUES ('10870', 'C091', 'E005', '1998-02-04', '12');
INSERT INTO `ordmaster` VALUES ('10871', 'C009', 'E009', '1998-02-05', '112');
INSERT INTO `ordmaster` VALUES ('10872', 'C030', 'E005', '1998-02-05', '175');
INSERT INTO `ordmaster` VALUES ('10873', 'C090', 'E004', '1998-02-06', '1');
INSERT INTO `ordmaster` VALUES ('10874', 'C030', 'E005', '1998-02-06', '20');
INSERT INTO `ordmaster` VALUES ('10875', 'C005', 'E004', '1998-02-06', '32');
INSERT INTO `ordmaster` VALUES ('10876', 'C009', 'E007', '1998-02-09', '60');
INSERT INTO `ordmaster` VALUES ('10877', 'C067', 'E001', '1998-02-09', '38');
INSERT INTO `ordmaster` VALUES ('10878', 'C063', 'E004', '1998-02-10', '47');
INSERT INTO `ordmaster` VALUES ('10879', 'C090', 'E003', '1998-02-10', '8');
INSERT INTO `ordmaster` VALUES ('10880', 'C024', 'E007', '1998-02-10', '88');
INSERT INTO `ordmaster` VALUES ('10881', 'C012', 'E004', '1998-02-11', '3');
INSERT INTO `ordmaster` VALUES ('10882', 'C071', 'E004', '1998-02-11', '23');
INSERT INTO `ordmaster` VALUES ('10883', 'C048', 'E008', '1998-02-12', '1');
INSERT INTO `ordmaster` VALUES ('10884', 'C045', 'E004', '1998-02-12', '91');
INSERT INTO `ordmaster` VALUES ('10885', 'C076', 'E006', '1998-02-12', '6');
INSERT INTO `ordmaster` VALUES ('10886', 'C034', 'E001', '1998-02-13', '5');
INSERT INTO `ordmaster` VALUES ('10887', 'C029', 'E008', '1998-02-13', '1');
INSERT INTO `ordmaster` VALUES ('10888', 'C030', 'E001', '1998-02-16', '52');
INSERT INTO `ordmaster` VALUES ('10889', 'C065', 'E009', '1998-02-16', '281');
INSERT INTO `ordmaster` VALUES ('10890', 'C018', 'E007', '1998-02-16', '33');
INSERT INTO `ordmaster` VALUES ('10891', 'C044', 'E007', '1998-02-17', '20');
INSERT INTO `ordmaster` VALUES ('10892', 'C050', 'E004', '1998-02-17', '120');
INSERT INTO `ordmaster` VALUES ('10893', 'C039', 'E009', '1998-02-18', '78');
INSERT INTO `ordmaster` VALUES ('10894', 'C071', 'E001', '1998-02-18', '116');
INSERT INTO `ordmaster` VALUES ('10895', 'C020', 'E003', '1998-02-18', '163');
INSERT INTO `ordmaster` VALUES ('10896', 'C050', 'E007', '1998-02-19', '32');
INSERT INTO `ordmaster` VALUES ('10897', 'C037', 'E003', '1998-02-19', '604');
INSERT INTO `ordmaster` VALUES ('10898', 'C054', 'E004', '1998-02-20', '1');
INSERT INTO `ordmaster` VALUES ('10899', 'C046', 'E005', '1998-02-20', '1');
INSERT INTO `ordmaster` VALUES ('10900', 'C088', 'E001', '1998-02-20', '2');
INSERT INTO `ordmaster` VALUES ('10901', 'C035', 'E004', '1998-02-23', '62');
INSERT INTO `ordmaster` VALUES ('10902', 'C024', 'E001', '1998-02-23', '44');
INSERT INTO `ordmaster` VALUES ('10903', 'C034', 'E003', '1998-02-24', '37');
INSERT INTO `ordmaster` VALUES ('10904', 'C089', 'E003', '1998-02-24', '163');
INSERT INTO `ordmaster` VALUES ('10905', 'C088', 'E009', '1998-02-24', '14');
INSERT INTO `ordmaster` VALUES ('10906', 'C091', 'E004', '1998-02-25', '26');
INSERT INTO `ordmaster` VALUES ('10907', 'C074', 'E006', '1998-02-25', '9');
INSERT INTO `ordmaster` VALUES ('10908', 'C066', 'E004', '1998-02-26', '33');
INSERT INTO `ordmaster` VALUES ('10909', 'C070', 'E001', '1998-02-26', '53');
INSERT INTO `ordmaster` VALUES ('10910', 'C090', 'E001', '1998-02-26', '38');
INSERT INTO `ordmaster` VALUES ('10911', 'C030', 'E003', '1998-02-26', '38');
INSERT INTO `ordmaster` VALUES ('10912', 'C037', 'E002', '1998-02-26', '581');
INSERT INTO `ordmaster` VALUES ('10913', 'C062', 'E004', '1998-02-26', '33');
INSERT INTO `ordmaster` VALUES ('10914', 'C062', 'E006', '1998-02-27', '21');
INSERT INTO `ordmaster` VALUES ('10915', 'C080', 'E002', '1998-02-27', '4');
INSERT INTO `ordmaster` VALUES ('10916', 'C064', 'E001', '1998-02-27', '64');
INSERT INTO `ordmaster` VALUES ('10917', 'C069', 'E004', '1998-03-02', '8');
INSERT INTO `ordmaster` VALUES ('10918', 'C010', 'E003', '1998-03-02', '49');
INSERT INTO `ordmaster` VALUES ('10919', 'C047', 'E002', '1998-03-02', '20');
INSERT INTO `ordmaster` VALUES ('10920', 'C004', 'E004', '1998-03-03', '30');
INSERT INTO `ordmaster` VALUES ('10921', 'C083', 'E001', '1998-03-03', '176');
INSERT INTO `ordmaster` VALUES ('10922', 'C034', 'E005', '1998-03-03', '63');
INSERT INTO `ordmaster` VALUES ('10923', 'C041', 'E007', '1998-03-03', '68');
INSERT INTO `ordmaster` VALUES ('10924', 'C005', 'E003', '1998-03-04', '152');
INSERT INTO `ordmaster` VALUES ('10925', 'C034', 'E003', '1998-03-04', '2');
INSERT INTO `ordmaster` VALUES ('10926', 'C002', 'E004', '1998-03-04', '40');
INSERT INTO `ordmaster` VALUES ('10927', 'C040', 'E004', '1998-03-05', '20');
INSERT INTO `ordmaster` VALUES ('10928', 'C029', 'E001', '1998-03-05', '1');
INSERT INTO `ordmaster` VALUES ('10929', 'C025', 'E006', '1998-03-05', '34');
INSERT INTO `ordmaster` VALUES ('10930', 'C076', 'E004', '1998-03-06', '16');
INSERT INTO `ordmaster` VALUES ('10931', 'C068', 'E004', '1998-03-06', '14');
INSERT INTO `ordmaster` VALUES ('10932', 'C009', 'E008', '1998-03-06', '135');
INSERT INTO `ordmaster` VALUES ('10933', 'C038', 'E006', '1998-03-06', '54');
INSERT INTO `ordmaster` VALUES ('10934', 'C044', 'E003', '1998-03-09', '32');
INSERT INTO `ordmaster` VALUES ('10935', 'C088', 'E004', '1998-03-09', '48');
INSERT INTO `ordmaster` VALUES ('10936', 'C032', 'E003', '1998-03-09', '34');
INSERT INTO `ordmaster` VALUES ('10937', 'C012', 'E007', '1998-03-10', '32');
INSERT INTO `ordmaster` VALUES ('10938', 'C063', 'E003', '1998-03-10', '32');
INSERT INTO `ordmaster` VALUES ('10939', 'C049', 'E002', '1998-03-10', '76');
INSERT INTO `ordmaster` VALUES ('10940', 'C009', 'E008', '1998-03-11', '20');
INSERT INTO `ordmaster` VALUES ('10941', 'C071', 'E007', '1998-03-11', '401');
INSERT INTO `ordmaster` VALUES ('10942', 'C066', 'E009', '1998-03-11', '18');
INSERT INTO `ordmaster` VALUES ('10943', 'C011', 'E004', '1998-03-11', '2');
INSERT INTO `ordmaster` VALUES ('10944', 'C010', 'E006', '1998-03-12', '53');
INSERT INTO `ordmaster` VALUES ('10945', 'C052', 'E004', '1998-03-12', '10');
INSERT INTO `ordmaster` VALUES ('10946', 'C083', 'E001', '1998-03-12', '27');
INSERT INTO `ordmaster` VALUES ('10947', 'C011', 'E003', '1998-03-13', '3');
INSERT INTO `ordmaster` VALUES ('10948', 'C030', 'E003', '1998-03-13', '23');
INSERT INTO `ordmaster` VALUES ('10949', 'C010', 'E002', '1998-03-13', '74');
INSERT INTO `ordmaster` VALUES ('10950', 'C049', 'E001', '1998-03-16', '2');
INSERT INTO `ordmaster` VALUES ('10951', 'C068', 'E009', '1998-03-16', '31');
INSERT INTO `ordmaster` VALUES ('10952', 'C002', 'E001', '1998-03-16', '40');
INSERT INTO `ordmaster` VALUES ('10953', 'C004', 'E009', '1998-03-16', '24');
INSERT INTO `ordmaster` VALUES ('10954', 'C047', 'E005', '1998-03-17', '28');
INSERT INTO `ordmaster` VALUES ('10955', 'C024', 'E008', '1998-03-17', '3');
INSERT INTO `ordmaster` VALUES ('10956', 'C006', 'E006', '1998-03-17', '45');
INSERT INTO `ordmaster` VALUES ('10957', 'C035', 'E008', '1998-03-18', '105');
INSERT INTO `ordmaster` VALUES ('10958', 'C054', 'E007', '1998-03-18', '50');
INSERT INTO `ordmaster` VALUES ('10959', 'C031', 'E006', '1998-03-18', '5');
INSERT INTO `ordmaster` VALUES ('10960', 'C035', 'E003', '1998-03-19', '2');
INSERT INTO `ordmaster` VALUES ('10961', 'C062', 'E008', '1998-03-19', '104');
INSERT INTO `ordmaster` VALUES ('10962', 'C063', 'E008', '1998-03-19', '276');
INSERT INTO `ordmaster` VALUES ('10963', 'C028', 'E009', '1998-03-19', '3');
INSERT INTO `ordmaster` VALUES ('10964', 'C074', 'E003', '1998-03-20', '87');
INSERT INTO `ordmaster` VALUES ('10965', 'C055', 'E006', '1998-03-20', '144');
INSERT INTO `ordmaster` VALUES ('10966', 'C014', 'E004', '1998-03-20', '27');
INSERT INTO `ordmaster` VALUES ('10967', 'C079', 'E002', '1998-03-23', '62');
INSERT INTO `ordmaster` VALUES ('10968', 'C020', 'E001', '1998-03-23', '75');
INSERT INTO `ordmaster` VALUES ('10969', 'C015', 'E001', '1998-03-23', '0');
INSERT INTO `ordmaster` VALUES ('10970', 'C008', 'E009', '1998-03-24', '16');
INSERT INTO `ordmaster` VALUES ('10971', 'C026', 'E002', '1998-03-24', '122');
INSERT INTO `ordmaster` VALUES ('10972', 'C040', 'E004', '1998-03-24', '0');
INSERT INTO `ordmaster` VALUES ('10973', 'C040', 'E006', '1998-03-24', '15');
INSERT INTO `ordmaster` VALUES ('10974', 'C075', 'E003', '1998-03-25', '13');
INSERT INTO `ordmaster` VALUES ('10975', 'C010', 'E001', '1998-03-25', '32');
INSERT INTO `ordmaster` VALUES ('10976', 'C035', 'E001', '1998-03-25', '38');
INSERT INTO `ordmaster` VALUES ('10977', 'C024', 'E008', '1998-03-26', '208');
INSERT INTO `ordmaster` VALUES ('10978', 'C050', 'E009', '1998-03-26', '33');
INSERT INTO `ordmaster` VALUES ('10979', 'C020', 'E008', '1998-03-26', '353');
INSERT INTO `ordmaster` VALUES ('10980', 'C024', 'E004', '1998-03-27', '1');
INSERT INTO `ordmaster` VALUES ('10981', 'C034', 'E001', '1998-03-27', '193');
INSERT INTO `ordmaster` VALUES ('10982', 'C010', 'E002', '1998-03-27', '14');
INSERT INTO `ordmaster` VALUES ('10983', 'C071', 'E002', '1998-03-27', '658');
INSERT INTO `ordmaster` VALUES ('10984', 'C071', 'E001', '1998-03-30', '211');
INSERT INTO `ordmaster` VALUES ('10985', 'C037', 'E002', '1998-03-30', '92');
INSERT INTO `ordmaster` VALUES ('10986', 'C054', 'E008', '1998-03-30', '218');
INSERT INTO `ordmaster` VALUES ('10987', 'C019', 'E008', '1998-03-31', '185');
INSERT INTO `ordmaster` VALUES ('10988', 'C065', 'E003', '1998-03-31', '61');
INSERT INTO `ordmaster` VALUES ('10989', 'C061', 'E002', '1998-03-31', '35');
INSERT INTO `ordmaster` VALUES ('10990', 'C020', 'E002', '1998-04-01', '118');
INSERT INTO `ordmaster` VALUES ('10991', 'C063', 'E001', '1998-04-01', '39');
INSERT INTO `ordmaster` VALUES ('10992', 'C077', 'E001', '1998-04-01', '4');
INSERT INTO `ordmaster` VALUES ('10993', 'C024', 'E007', '1998-04-01', '9');
INSERT INTO `ordmaster` VALUES ('10994', 'C083', 'E002', '1998-04-02', '66');
INSERT INTO `ordmaster` VALUES ('10995', 'C058', 'E001', '1998-04-02', '46');
INSERT INTO `ordmaster` VALUES ('10996', 'C063', 'E004', '1998-04-02', '1');
INSERT INTO `ordmaster` VALUES ('10997', 'C046', 'E008', '1998-04-03', '74');
INSERT INTO `ordmaster` VALUES ('10998', 'C091', 'E008', '1998-04-03', '20');
INSERT INTO `ordmaster` VALUES ('10999', 'C056', 'E006', '1998-04-03', '96');
INSERT INTO `ordmaster` VALUES ('11000', 'C065', 'E002', '1998-04-06', '55');
INSERT INTO `ordmaster` VALUES ('11001', 'C024', 'E002', '1998-04-06', '197');
INSERT INTO `ordmaster` VALUES ('11002', 'C071', 'E004', '1998-04-06', '141');
INSERT INTO `ordmaster` VALUES ('11003', 'C078', 'E003', '1998-04-06', '15');
INSERT INTO `ordmaster` VALUES ('11004', 'C050', 'E003', '1998-04-07', '45');
INSERT INTO `ordmaster` VALUES ('11005', 'C090', 'E002', '1998-04-07', '1');
INSERT INTO `ordmaster` VALUES ('11006', 'C032', 'E003', '1998-04-07', '25');
INSERT INTO `ordmaster` VALUES ('11007', 'C060', 'E008', '1998-04-08', '202');
INSERT INTO `ordmaster` VALUES ('11008', 'C020', 'E007', '1998-04-08', '79');
INSERT INTO `ordmaster` VALUES ('11009', 'C030', 'E002', '1998-04-08', '59');
INSERT INTO `ordmaster` VALUES ('11010', 'C066', 'E002', '1998-04-09', '29');
INSERT INTO `ordmaster` VALUES ('11011', 'C013', 'E011', '1998-04-09', '1');
INSERT INTO `ordmaster` VALUES ('11012', 'C025', 'E001', '1998-04-09', '243');
INSERT INTO `ordmaster` VALUES ('11013', 'C069', 'E002', '1998-04-09', '33');
INSERT INTO `ordmaster` VALUES ('11014', 'C047', 'E002', '1998-04-10', '24');
INSERT INTO `ordmaster` VALUES ('11015', 'C070', 'E002', '1998-04-10', '5');
INSERT INTO `ordmaster` VALUES ('11016', 'C004', 'E009', '1998-04-10', '34');
INSERT INTO `ordmaster` VALUES ('11017', 'C020', 'E009', '1998-04-13', '754');
INSERT INTO `ordmaster` VALUES ('11018', 'C048', 'E004', '1998-04-13', '12');
INSERT INTO `ordmaster` VALUES ('11019', 'C064', 'E006', '1998-04-13', '3');
INSERT INTO `ordmaster` VALUES ('11020', 'C056', 'E002', '1998-04-14', '43');
INSERT INTO `ordmaster` VALUES ('11021', 'C063', 'E003', '1998-04-14', '297');
INSERT INTO `ordmaster` VALUES ('11022', 'C034', 'E009', '1998-04-14', '6');
INSERT INTO `ordmaster` VALUES ('11023', 'C011', 'E001', '1998-04-14', '124');
INSERT INTO `ordmaster` VALUES ('11024', 'C019', 'E004', '1998-04-15', '74');
INSERT INTO `ordmaster` VALUES ('11025', 'C087', 'E006', '1998-04-15', '29');
INSERT INTO `ordmaster` VALUES ('11026', 'C027', 'E004', '1998-04-15', '47');
INSERT INTO `ordmaster` VALUES ('11027', 'C010', 'E001', '1998-04-16', '53');
INSERT INTO `ordmaster` VALUES ('11028', 'C039', 'E002', '1998-04-16', '30');
INSERT INTO `ordmaster` VALUES ('11029', 'C014', 'E004', '1998-04-16', '48');
INSERT INTO `ordmaster` VALUES ('11030', 'C071', 'E007', '1998-04-17', '831');
INSERT INTO `ordmaster` VALUES ('11031', 'C071', 'E006', '1998-04-17', '227');
INSERT INTO `ordmaster` VALUES ('11032', 'C089', 'E002', '1998-04-17', '606');
INSERT INTO `ordmaster` VALUES ('11033', 'C068', 'E007', '1998-04-17', '85');
INSERT INTO `ordmaster` VALUES ('11034', 'C055', 'E008', '1998-04-20', '40');
INSERT INTO `ordmaster` VALUES ('11035', 'C076', 'E002', '1998-04-20', '0');
INSERT INTO `ordmaster` VALUES ('11036', 'C017', 'E008', '1998-04-20', '149');
INSERT INTO `ordmaster` VALUES ('11037', 'C030', 'E007', '1998-04-21', '3');
INSERT INTO `ordmaster` VALUES ('11038', 'C076', 'E001', '1998-04-21', '30');
INSERT INTO `ordmaster` VALUES ('11039', 'C047', 'E001', '1998-04-21', '65');
INSERT INTO `ordmaster` VALUES ('11040', 'C032', 'E004', '1998-04-22', '19');
INSERT INTO `ordmaster` VALUES ('11041', 'C014', 'E003', '1998-04-22', '48');
INSERT INTO `ordmaster` VALUES ('11042', 'C015', 'E002', '1998-04-22', '30');
INSERT INTO `ordmaster` VALUES ('11043', 'C074', 'E005', '1998-04-22', '9');
INSERT INTO `ordmaster` VALUES ('11044', 'C091', 'E004', '1998-04-23', '9');
INSERT INTO `ordmaster` VALUES ('11045', 'C010', 'E006', '1998-04-23', '71');
INSERT INTO `ordmaster` VALUES ('11046', 'C086', 'E008', '1998-04-23', '72');
INSERT INTO `ordmaster` VALUES ('11047', 'C019', 'E007', '1998-04-24', '47');
INSERT INTO `ordmaster` VALUES ('11048', 'C010', 'E007', '1998-04-24', '24');
INSERT INTO `ordmaster` VALUES ('11049', 'C031', 'E003', '1998-04-24', '8');
INSERT INTO `ordmaster` VALUES ('11050', 'C024', 'E008', '1998-04-27', '59');
INSERT INTO `ordmaster` VALUES ('11051', 'C041', 'E007', '1998-04-27', '3');
INSERT INTO `ordmaster` VALUES ('11052', 'C034', 'E003', '1998-04-27', '67');
INSERT INTO `ordmaster` VALUES ('11053', 'C059', 'E002', '1998-04-27', '53');
INSERT INTO `ordmaster` VALUES ('11054', 'C012', 'E008', '1998-04-28', '0');
INSERT INTO `ordmaster` VALUES ('11055', 'C035', 'E007', '1998-04-28', '121');
INSERT INTO `ordmaster` VALUES ('11056', 'C019', 'E008', '1998-04-28', '279');
INSERT INTO `ordmaster` VALUES ('11057', 'C053', 'E003', '1998-04-29', '4');
INSERT INTO `ordmaster` VALUES ('11058', 'C006', 'E009', '1998-04-29', '31');
INSERT INTO `ordmaster` VALUES ('11059', 'C067', 'E002', '1998-04-29', '86');
INSERT INTO `ordmaster` VALUES ('11060', 'C027', 'E002', '1998-04-30', '11');
INSERT INTO `ordmaster` VALUES ('11061', 'C032', 'E004', '1998-04-30', '14');
INSERT INTO `ordmaster` VALUES ('11062', 'C066', 'E004', '1998-04-30', '30');
INSERT INTO `ordmaster` VALUES ('11063', 'C037', 'E003', '1998-04-30', '82');
INSERT INTO `ordmaster` VALUES ('11064', 'C071', 'E001', '1998-05-01', '30');
INSERT INTO `ordmaster` VALUES ('11065', 'C046', 'E008', '1998-05-01', '13');
INSERT INTO `ordmaster` VALUES ('11066', 'C089', 'E007', '1998-05-01', '45');
INSERT INTO `ordmaster` VALUES ('11067', 'C017', 'E001', '1998-05-04', '8');
INSERT INTO `ordmaster` VALUES ('11068', 'C062', 'E008', '1998-05-04', '82');
INSERT INTO `ordmaster` VALUES ('11069', 'C080', 'E001', '1998-05-04', '16');
INSERT INTO `ordmaster` VALUES ('11070', 'C044', 'E002', '1998-05-05', '136');
INSERT INTO `ordmaster` VALUES ('11071', 'C046', 'E001', '1998-05-05', '1');
INSERT INTO `ordmaster` VALUES ('11072', 'C020', 'E004', '1998-05-05', '259');
INSERT INTO `ordmaster` VALUES ('11073', 'C058', 'E002', '1998-05-05', '25');
INSERT INTO `ordmaster` VALUES ('11074', 'C073', 'E007', '1998-05-06', '18');
INSERT INTO `ordmaster` VALUES ('11075', 'C068', 'E008', '1998-05-06', '6');
INSERT INTO `ordmaster` VALUES ('11076', 'C009', 'E004', '1998-05-06', '38');
INSERT INTO `ordmaster` VALUES ('11077', 'C065', 'E001', '1998-05-06', '9');

-- ----------------------------
-- Table structure for `product`
-- ----------------------------
DROP TABLE IF EXISTS `product`;
CREATE TABLE `product` (
  `proNo` char(4) CHARACTER SET utf8 NOT NULL,
  `proName` varchar(20) CHARACTER SET utf8 DEFAULT NULL,
  `supNo` char(4) CHARACTER SET utf8 DEFAULT NULL,
  `typNo` char(4) CHARACTER SET utf8 DEFAULT NULL,
  `price` int(11) DEFAULT NULL,
  `stockAmt` int(11) DEFAULT NULL,
  `orderAmt` int(11) DEFAULT NULL,
  `safeAmt` int(11) DEFAULT NULL,
  `inventoryDate` date DEFAULT NULL,
  `picture` varchar(40) COLLATE utf8_unicode_ci DEFAULT NULL,
  PRIMARY KEY (`proNo`),
  UNIQUE KEY `proNoIndex` (`proNo`),
  KEY `proNameIndex` (`proName`),
  KEY `supNoFKey` (`supNo`),
  KEY `typNoFKey` (`typNo`),
  CONSTRAINT `supNoFKey` FOREIGN KEY (`supNo`) REFERENCES `supplier` (`supNo`),
  CONSTRAINT `typNoFKey` FOREIGN KEY (`typNo`) REFERENCES `protype` (`typNo`)
) ENGINE=InnoDB DEFAULT CHARSET=utf8 COLLATE=utf8_unicode_ci;

-- ----------------------------
-- Records of product
-- ----------------------------
INSERT INTO `product` VALUES ('P001', '蘋果汁', 'S001', 'T001', '18', '39', '0', '10', '2017-02-01', 'p001.jpg');
INSERT INTO `product` VALUES ('P002', '牛奶', 'S001', 'T001', '19', '17', '40', '25', '2017-02-01', 'p002.jpg');
INSERT INTO `product` VALUES ('P003', '蕃茄醬', 'S001', 'T002', '10', '13', '70', '25', '2017-02-01', 'p003.jpg');
INSERT INTO `product` VALUES ('P004', '鹽巴', 'S002', 'T002', '22', '53', '0', '0', '2017-02-01', 'p004.jpg');
INSERT INTO `product` VALUES ('P005', '麻油', 'S002', 'T002', '21', '0', '0', '0', '2017-02-01', 'p005.jpg');
INSERT INTO `product` VALUES ('P006', '醬油', 'S003', 'T002', '25', '120', '0', '25', '2017-02-01', null);
INSERT INTO `product` VALUES ('P007', '海鮮粉', 'S003', 'T007', '30', '15', '0', '10', '2017-02-01', null);
INSERT INTO `product` VALUES ('P008', '胡椒粉', 'S003', 'T002', '40', '6', '0', '0', '2017-02-01', null);
INSERT INTO `product` VALUES ('P009', '讚油雞', 'S004', 'T006', '97', '29', '0', '0', '2017-02-01', null);
INSERT INTO `product` VALUES ('P010', '大甲蟹', 'S004', 'T008', '31', '31', '0', '0', '2017-02-01', null);
INSERT INTO `product` VALUES ('P011', '民眾起司', 'S005', 'T004', '21', '22', '30', '30', '2017-02-01', null);
INSERT INTO `product` VALUES ('P012', '德國起司', 'S005', 'T004', '38', '86', '0', '0', '2017-02-01', null);
INSERT INTO `product` VALUES ('P013', '龍蝦', 'S006', 'T008', '6', '24', '0', '5', '2017-02-01', null);
INSERT INTO `product` VALUES ('P014', '沙茶', 'S006', 'T007', '23', '35', '0', '0', '2017-02-01', null);
INSERT INTO `product` VALUES ('P015', '味素', 'S006', 'T002', '16', '39', '0', '5', '2017-02-01', null);
INSERT INTO `product` VALUES ('P016', '餅乾', 'S007', 'T003', '17', '29', '0', '10', '2017-02-01', null);
INSERT INTO `product` VALUES ('P017', '豬肉', 'S007', 'T006', '39', '0', '0', '0', '2017-02-01', null);
INSERT INTO `product` VALUES ('P018', '墨魚', 'S007', 'T008', '62', '42', '0', '0', '2017-02-01', null);
INSERT INTO `product` VALUES ('P019', '糖果', 'S008', 'T003', '9', '25', '0', '5', '2017-02-01', null);
INSERT INTO `product` VALUES ('P020', '豆乾', 'S008', 'T003', '81', '40', '0', '0', '2017-02-01', null);
INSERT INTO `product` VALUES ('P021', '花生', 'S008', 'T003', '10', '3', '40', '5', '2017-02-01', null);
INSERT INTO `product` VALUES ('P022', '再來米', 'S009', 'T005', '21', '104', '0', '25', '2017-02-01', null);
INSERT INTO `product` VALUES ('P023', '燕麥', 'S009', 'T005', '9', '61', '0', '25', '2017-02-01', null);
INSERT INTO `product` VALUES ('P024', '汽水', 'S010', 'T001', '4', '20', '0', '0', '2017-02-01', null);
INSERT INTO `product` VALUES ('P025', '巧克力', 'S011', 'T003', '14', '76', '0', '30', '2017-02-01', null);
INSERT INTO `product` VALUES ('P026', '綿綿糖', 'S011', 'T003', '31', '15', '0', '0', '2017-02-01', null);
INSERT INTO `product` VALUES ('P027', '牛肉乾', 'S011', 'T003', '44', '49', '0', '30', '2017-02-01', null);
INSERT INTO `product` VALUES ('P028', '烤肉醬', 'S012', 'T007', '46', '26', '0', '0', '2017-02-01', null);
INSERT INTO `product` VALUES ('P029', '鴨肉', 'S012', 'T006', '124', '0', '0', '0', '2017-02-01', null);
INSERT INTO `product` VALUES ('P030', '黃魚', 'S013', 'T008', '26', '10', '0', '15', '2017-02-01', null);
INSERT INTO `product` VALUES ('P031', '溫馨起司', 'S014', 'T004', '12', '0', '70', '20', '2017-02-01', null);
INSERT INTO `product` VALUES ('P032', '白起司', 'S014', 'T004', '32', '9', '40', '25', '2017-02-01', null);
INSERT INTO `product` VALUES ('P033', '台中起司', 'S015', 'T004', '2', '112', '0', '20', '2017-02-01', null);
INSERT INTO `product` VALUES ('P034', '啤酒', 'S016', 'T001', '14', '111', '0', '15', '2017-02-01', null);
INSERT INTO `product` VALUES ('P035', '芭樂汁', 'S016', 'T001', '18', '20', '0', '15', '2017-02-01', null);
INSERT INTO `product` VALUES ('P036', '魷魚', 'S017', 'T008', '19', '112', '0', '20', '2017-02-01', null);
INSERT INTO `product` VALUES ('P037', '干貝', 'S017', 'T008', '26', '11', '50', '25', '2017-02-01', null);
INSERT INTO `product` VALUES ('P038', '綠茶', 'S018', 'T001', '264', '17', '0', '15', '2017-02-01', null);
INSERT INTO `product` VALUES ('P039', '運動飲料', 'S018', 'T001', '18', '69', '0', '5', '2017-02-01', null);
INSERT INTO `product` VALUES ('P040', '蝦米', 'S019', 'T008', '18', '123', '0', '30', '2017-02-01', null);
INSERT INTO `product` VALUES ('P041', '蝦子', 'S019', 'T008', '10', '85', '0', '10', '2017-02-01', null);
INSERT INTO `product` VALUES ('P042', '糙米', 'S020', 'T005', '14', '26', '0', '0', '2017-02-01', null);
INSERT INTO `product` VALUES ('P043', '柳橙汁', 'S020', 'T001', '46', '17', '10', '25', '2017-02-01', null);
INSERT INTO `product` VALUES ('P044', '蠔油', 'S020', 'T002', '19', '27', '0', '15', '2017-02-01', null);
INSERT INTO `product` VALUES ('P045', '雪魚', 'S021', 'T008', '10', '5', '70', '15', '2017-02-01', null);
INSERT INTO `product` VALUES ('P046', '蚵', 'S021', 'T008', '12', '95', '0', '0', '2017-02-01', null);
INSERT INTO `product` VALUES ('P047', '蛋糕', 'S022', 'T003', '10', '36', '0', '0', '2017-02-01', null);
INSERT INTO `product` VALUES ('P048', '玉米片', 'S022', 'T003', '13', '15', '70', '25', '2017-02-01', null);
INSERT INTO `product` VALUES ('P049', '薯條', 'S023', 'T003', '20', '10', '60', '15', '2017-02-01', null);
INSERT INTO `product` VALUES ('P050', '玉米餅', 'S023', 'T003', '16', '65', '0', '30', '2017-02-01', null);
INSERT INTO `product` VALUES ('P051', '豬肉乾', 'S024', 'T007', '53', '20', '0', '10', '2017-02-01', null);
INSERT INTO `product` VALUES ('P052', '三合一麥片', 'S024', 'T005', '7', '38', '0', '25', '2017-02-01', null);
INSERT INTO `product` VALUES ('P053', '鹽水鴨', 'S024', 'T006', '33', '0', '0', '0', '2017-02-01', null);
INSERT INTO `product` VALUES ('P054', '雞肉', 'S025', 'T006', '7', '21', '0', '10', '2017-02-01', null);
INSERT INTO `product` VALUES ('P055', '鴨肉', 'S025', 'T006', '24', '115', '0', '20', '2017-02-01', null);
INSERT INTO `product` VALUES ('P056', '白米', 'S026', 'T005', '38', '21', '10', '30', '2017-02-01', null);
INSERT INTO `product` VALUES ('P057', '小米', 'S026', 'T005', '20', '36', '0', '20', '2017-02-01', null);
INSERT INTO `product` VALUES ('P058', '花枝', 'S027', 'T008', '13', '62', '0', '20', '2017-02-01', null);
INSERT INTO `product` VALUES ('P059', '蘇澳起司', 'S028', 'T004', '55', '79', '0', '0', '2017-02-01', null);
INSERT INTO `product` VALUES ('P060', '花起司', 'S028', 'T004', '34', '19', '0', '0', '2017-02-01', null);
INSERT INTO `product` VALUES ('P061', '海鮮醬', 'S029', 'T002', '28', '113', '0', '25', '2017-02-01', null);
INSERT INTO `product` VALUES ('P062', '山渣片', 'S029', 'T003', '49', '17', '0', '0', '2017-02-01', null);
INSERT INTO `product` VALUES ('P063', '甜辣醬', 'S007', 'T002', '44', '24', '0', '5', '2017-02-01', null);
INSERT INTO `product` VALUES ('P064', '黃豆', 'S012', 'T005', '33', '22', '80', '30', '2017-02-01', null);
INSERT INTO `product` VALUES ('P065', '海苔醬', 'S002', 'T002', '21', '76', '0', '0', '2017-02-01', null);
INSERT INTO `product` VALUES ('P066', '肉鬆', 'S002', 'T002', '17', '4', '100', '20', '2017-02-01', null);
INSERT INTO `product` VALUES ('P067', '礦泉水', 'S016', 'T001', '14', '52', '0', '10', '2017-02-01', null);
INSERT INTO `product` VALUES ('P068', '綠豆糕', 'S008', 'T003', '12', '6', '10', '15', '2017-02-01', null);
INSERT INTO `product` VALUES ('P069', '黑起司', 'S015', 'T004', '36', '26', '0', '15', '2017-02-01', null);
INSERT INTO `product` VALUES ('P070', '蘇打水', 'S007', 'T001', '15', '15', '10', '30', '2017-02-01', null);
INSERT INTO `product` VALUES ('P071', '義大利起司', 'S015', 'T004', '22', '26', '0', '0', '2017-02-01', null);
INSERT INTO `product` VALUES ('P072', '酸起司', 'S014', 'T004', '35', '14', '0', '0', '2017-02-01', null);
INSERT INTO `product` VALUES ('P073', '海哲皮', 'S017', 'T008', '15', '101', '0', '5', '2017-02-01', null);
INSERT INTO `product` VALUES ('P074', '雞湯塊', 'S004', 'T007', '10', '4', '20', '5', '2017-02-01', null);
INSERT INTO `product` VALUES ('P075', '濃縮咖啡', 'S012', 'T001', '8', '125', '0', '25', '2017-02-01', null);
INSERT INTO `product` VALUES ('P076', '檸檬汁', 'S023', 'T001', '18', '57', '0', '20', '2017-02-01', null);
INSERT INTO `product` VALUES ('P077', '辣椒粉', 'S012', 'T002', '13', '32', '0', '15', '2017-02-01', null);

-- ----------------------------
-- Table structure for `protype`
-- ----------------------------
DROP TABLE IF EXISTS `protype`;
CREATE TABLE `protype` (
  `typNo` char(4) CHARACTER SET utf8 NOT NULL,
  `typName` varchar(20) CHARACTER SET utf8 DEFAULT NULL,
  `details` varchar(50) CHARACTER SET utf8 DEFAULT NULL,
  PRIMARY KEY (`typNo`),
  UNIQUE KEY `typNoIndex` (`typNo`)
) ENGINE=InnoDB DEFAULT CHARSET=utf8 COLLATE=utf8_unicode_ci;

-- ----------------------------
-- Records of protype
-- ----------------------------
INSERT INTO `protype` VALUES ('T001', '飲料', '軟性飲料,咖啡,啤酒,及麥酒');
INSERT INTO `protype` VALUES ('T002', '調味品', '甜酸醬,配料,塗料,及香料');
INSERT INTO `protype` VALUES ('T003', '點心', '甜點心,糖果,甜麵包');
INSERT INTO `protype` VALUES ('T004', '日用品', '起司');
INSERT INTO `protype` VALUES ('T005', '穀類/麥片', '麵包,餅干,麵糰,麥片');
INSERT INTO `protype` VALUES ('T006', '肉/家禽', '肉品');
INSERT INTO `protype` VALUES ('T007', '特製品', '水果乾及豆腐');
INSERT INTO `protype` VALUES ('T008', '海鮮', '海帶及魚類');

-- ----------------------------
-- Table structure for `supplier`
-- ----------------------------
DROP TABLE IF EXISTS `supplier`;
CREATE TABLE `supplier` (
  `supNo` char(4) CHARACTER SET utf8 NOT NULL,
  `supName` varchar(20) CHARACTER SET utf8 DEFAULT NULL,
  `contactor` varchar(20) CHARACTER SET utf8 DEFAULT NULL,
  `title` varchar(10) CHARACTER SET utf8 DEFAULT NULL,
  `address` varchar(50) CHARACTER SET utf8 DEFAULT NULL,
  `city` varchar(10) CHARACTER SET utf8 DEFAULT NULL,
  `area` varchar(10) CHARACTER SET utf8 DEFAULT NULL,
  `zip` char(5) CHARACTER SET utf8 DEFAULT NULL,
  `tel` varchar(20) CHARACTER SET utf8 DEFAULT NULL,
  `fax` varchar(20) CHARACTER SET utf8 DEFAULT NULL,
  PRIMARY KEY (`supNo`),
  UNIQUE KEY `supNoIndex` (`supNo`)
) ENGINE=InnoDB DEFAULT CHARSET=utf8 COLLATE=utf8_unicode_ci;

-- ----------------------------
-- Records of supplier
-- ----------------------------
INSERT INTO `supplier` VALUES ('S001', '桶一', '陳小姐', '業務', '新竹市竹北路10號', '新竹市', '新竹', '85511', '(03) 555-2222', '(03) 555-2222');
INSERT INTO `supplier` VALUES ('S002', '光權', '黃小姐', '董事長', '台中市中港路一段9號', '台中市', '台中', '70117', '(03) 555-4822', '(03) 555-4822');
INSERT INTO `supplier` VALUES ('S003', '生活妙', '胡先生', '董事長', '南投縣南投路89號', '南投縣', '南投', '48104', '(02) 555-5735', '(02) 555-5735');
INSERT INTO `supplier` VALUES ('S004', '為全', '王先生', '業務', '屏東縣永大路77號', '屏東縣', '屏東', '10002', '(03) 305-5011', '(03) 305-5011');
INSERT INTO `supplier` VALUES ('S005', '日正', '李先生', '訂貨員', '屏東市中山路66號', '屏東市', '屏東', '33007', '(08) 598-7654', '(08) 598-7654');
INSERT INTO `supplier` VALUES ('S006', '德菖', '劉先生', '業務', '桃園縣富國路4111號', '桃園縣', '桃園', '54585', '(06) 431-7877', '(06) 431-7877');
INSERT INTO `supplier` VALUES ('S007', '正一', '方先生', '行銷專員', '苗栗縣中正路二段17樓', '苗栗縣', '苗栗', '30584', '(03) 444-2343', '(03) 444-2343');
INSERT INTO `supplier` VALUES ('S008', '康堡', '劉先生', '董事長', '台北市忠孝東路三段99號', '台北市', '台北', '99658', '(06) 555-4448', '(06) 555-4448');
INSERT INTO `supplier` VALUES ('S009', '掬花', '謝小姐', '董事長', '台中市仁愛路四段59號', '台中市', '台中', '55555', '(05) 889-5522', '(05) 889-5522');
INSERT INTO `supplier` VALUES ('S010', '金美蘭', '王先生', '會計人員', '高雄市中正路四段123號', '高雄市', '高雄', '54422', '(02) 555-4640', '(02) 555-4640');
INSERT INTO `supplier` VALUES ('S011', '小噹', '徐先生', '業務', '台北縣北新路48號', '台北縣', '台北', '10785', '(05) 998-4510', '(05) 998-4510');
INSERT INTO `supplier` VALUES ('S012', '義美美', '李先生', '業務助理', '花蓮市花中路49號', '花蓮市', '花蓮', '60439', '(06) 992-7552', '(06) 992-7552');
INSERT INTO `supplier` VALUES ('S013', '東黃海', '林小姐', '研發人員', '宜蘭市經國路250號', '宜蘭市', '宜蘭', '27478', '(04) 871-3225', '(04) 871-3225');
INSERT INTO `supplier` VALUES ('S014', '小陽堂', '林小姐', '董事長', '新竹市永平路789號', '新竹市', '新竹', '48100', '(05) 603-2223', '(05) 603-2223');
INSERT INTO `supplier` VALUES ('S015', '德級', '鍾小姐', '船務', '台北市北平東路114號', '台北市', '台北', '13205', '(02) 295-3010', '(02) 295-3010');
INSERT INTO `supplier` VALUES ('S016', '力錦', '劉先生', '業務', '台北市北平東路42號3樓', '台北市', '台北', '97101', '(03) 555-9931', '(03) 555-9931');
INSERT INTO `supplier` VALUES ('S017', '小坊', '方先生', '董事長', '新竹市竹北路88號', '新竹市', '新竹', '54888', '(03) 555-9931', '(03) 555-9931');
INSERT INTO `supplier` VALUES ('S018', '記成', '劉先生', '董事長', '台中市中港路一段478號', '台中市', '台中', '75004', '(03) 555-2211', '(03) 555-2211');
INSERT INTO `supplier` VALUES ('S019', '普三', '李先生', '會計人員', '新竹市竹北路81號', '新竹市', '新竹', '02134', '(03) 575-4822', '(03) 575-4822');
INSERT INTO `supplier` VALUES ('S020', '一心', '劉先生', '業務', '台中市中港路一段28號', '台中市', '台中', '05128', '(02) 568-5735', '(02) 568-5735');
INSERT INTO `supplier` VALUES ('S021', '日日通', '方先生', '業務助理', '南投縣南投路599號', '南投縣', '南投', '28000', '(03) 355-5991', '(03) 355-5991');
INSERT INTO `supplier` VALUES ('S022', '順成', '劉先生', '研發人員', '屏東縣永大路477號', '屏東縣', '屏東', '99999', '(08) 559-7654', '(08) 559-7654');
INSERT INTO `supplier` VALUES ('S023', '利利', '謝小姐', '董事長', '屏東市中山路57號', '屏東市', '屏東', '53120', '(06) 481-7877', '(06) 481-7877');
INSERT INTO `supplier` VALUES ('S024', '涵合', '王先生', '船務', '桃園縣富國路412號', '桃園縣', '桃園', '20421', '(03) 944-2343', '(03) 944-2343');
INSERT INTO `supplier` VALUES ('S025', '佳佳', '徐先生', '業務', '苗栗縣中正路二段5樓', '苗栗縣', '苗栗', '44152', '(06) 999-4448', '(06) 999-4448');
INSERT INTO `supplier` VALUES ('S026', '宏仁', '李先生', '董事長', '台北市忠孝東路三段82號', '台北市', '台北', '84100', '(05) 829-5522', '(05) 829-5522');
INSERT INTO `supplier` VALUES ('S027', '大鈺', '林小姐', '董事長', '台中市仁愛路四段10號', '台中市', '台中', '71300', '(02) 965-4640', '(02) 965-4640');
INSERT INTO `supplier` VALUES ('S028', '玉成', '林小姐', '業務', '高雄市中正路四段60號', '高雄市', '高雄', '74000', '(05) 889-4422', '(05) 889-4422');
INSERT INTO `supplier` VALUES ('S029', '百達', '鍾小姐', '業務助理', '台北縣北新路55號', '台北縣', '台北', '11425', '(02) 555-4699', '(02) 555-4699');
